cell	barcode
cluster1_cell10	TCCATGAACTTCGCCC
cluster1_cell2	TGCTAGCCAGCTAAGG
cluster1_cell3	GCAGCTTAATACAATA
cluster1_cell4	CCGAGACTATTGCGCG
cluster1_cell1	TCGGTAACCAGGAAGT
cluster1_cell6	CTGAGCGAATTCTCCC
cluster1_cell7	CGAAACATTACGCATA
cluster1_cell8	CGTTTGTAAACAACTA
cluster1_cell5	GGATATTCACTTGAGT
cluster1_cell9	GGAATGCCAGTGGCCT
cluster2_cell10	TCTCGTGTACTGGCTT
cluster2_cell2	TTGGCCGGCAATACGA
cluster2_cell3	TTCGTTAGGTTTGCCG
cluster2_cell4	AAGCCGTGCTTAGATT
cluster2_cell1	GAGAAAAGGACATAGG
cluster2_cell6	GCGTATATGGGTTTGT
cluster2_cell7	TAGCTTTAGGATGGAT
cluster2_cell8	TAAAAGCGAATGAGAA
cluster2_cell5	GATCTAACGGATCTGC
cluster2_cell9	AAATGGATAGTAAGCG
