fragLen	geneLen	count
203	1397	3
544	1397	16
182	1044	8
173	1044	3
301	1044	329
302	1044	498
303	1044	65
308	1044	1492
307	1044	166
310	1044	110
316	1044	598
313	1044	72
314	1044	39
323	1044	463
322	1044	165
325	1044	68
327	1044	111
328	1044	581
329	1044	57
332	1044	50
333	1044	77
334	1044	164
336	1044	383
337	1044	195
309	1044	25
339	1044	519
338	1044	52
341	1044	100
343	1044	35
340	1044	42
344	1044	339
347	1044	921
351	1044	274
352	1044	1323
335	1044	31
358	1044	887
354	1044	55
363	1044	640
330	1044	76
342	1044	36
365	1044	161
364	1044	52
368	1044	442
373	1044	551
374	1044	152
375	1044	1194
356	1044	13
320	1044	57
376	1044	85
377	1044	176
378	1044	99
381	1044	74
382	1044	531
361	1044	21
386	1044	2
417	1044	123
418	1044	81
429	1044	1084
371	1044	9
441	1044	2
847	1044	12
475	1324	1
305	3865	3
330	2662	1
354	2662	3
447	2662	1
640	2662	1
383	2662	4
416	2662	5
436	2428	2
450	2428	3
642	2428	3
600	2428	3
505	2428	5
644	2428	5
358	2428	8
439	2428	5
758	2428	1
345	2428	2
327	2428	7
324	2428	7
385	2043	2
596	2043	3
348	2043	4
557	2043	7
657	2043	1
354	2043	4
537	2043	3
590	2043	4
373	3462	2
231	507	1
700	12831	1
532	12831	2
364	922	4
679	922	1
400	1651	9
206	1651	1
433	1651	6
329	1651	7
442	1651	9
387	1651	4
644	1651	3
836	1651	1
310	1651	6
301	1651	3
427	1651	7
653	1651	3
470	9068	3
514	9068	2
391	1541	1
907	1541	1
541	2449	2
717	2449	1
618	2449	1
304	2449	1
392	2648	3
103	1044	2
161	1044	4
201	1044	1
240	1044	13
261	1044	48
305	1044	33
346	1044	159
349	1044	101
366	1044	64
370	1044	108
380	1044	112
427	1044	142
317	3865	2
370	3865	6
666	3865	2
258	447	1
394	2180	22
243	2180	1
305	2662	4
311	2662	3
751	2662	1
408	1110	3
448	1110	1
567	2428	6
615	2428	5
365	2428	4
379	2428	6
469	2428	9
562	2428	7
398	2428	4
541	2428	12
604	2428	5
503	2428	3
672	2428	3
782	2428	1
646	2428	1
500	2428	2
582	2428	4
306	2043	3
328	2043	6
586	2043	5
370	2043	4
595	681	1
293	3462	1
558	3462	1
466	3462	1
733	3462	1
474	3462	2
273	611	2
402	2083	2
304	1546	6
373	1546	7
552	1546	7
327	1546	4
735	1546	1
592	1546	1
438	1546	1
487	1546	2
449	1546	7
603	922	1
407	1651	3
481	1651	5
492	1651	5
568	1651	3
563	1651	5
840	1651	2
384	1651	7
319	4878	1
394	4077	1
596	4077	1
532	4077	1
338	9068	2
329	9068	1
308	9068	1
224	6232	1
449	6232	3
612	6232	2
295	6232	1
430	6232	3
668	6232	2
543	6232	1
369	6232	2
470	6232	2
457	6232	3
349	1541	2
529	1541	1
445	1541	1
321	1541	1
666	2509	1
2371	2648	1
488	12780	2
304	12780	6
606	12780	1
277	391	1
456	2356	1
327	6193	2
565	6193	2
570	2843	1
381	2843	3
358	2843	6
335	555	1
491	1717	1
641	1163	2
605	1163	1
567	9044	3
367	9044	7
438	9044	11
417	4326	3
281	4326	1
699	4326	2
416	4326	1
296	2423	2
493	543	1
389	967	16
413	1246	1
223	1044	19
315	1044	99
367	1044	63
308	3865	2
228	2428	1
959	1651	1
340	6232	4
473	2843	2
756	2843	1
337	2843	2
373	747	4
734	9044	3
705	4326	2
645	4326	1
291	838	1
464	5182	1
308	3987	2
535	3987	5
530	3987	1
166	1044	1
140	1044	1
238	1044	37
213	1044	4
266	1044	44
312	1044	36
295	1044	9
321	1044	95
317	1044	46
326	1044	81
385	1044	15
369	1044	59
431	1044	18
567	1044	5
331	2086	1
660	1548	1
498	2428	4
377	2428	11
316	2428	5
465	2428	8
422	2428	8
376	2428	5
509	2428	4
432	2043	3
542	1546	1
517	1546	1
378	1546	3
555	12831	1
448	490	1
510	1651	3
579	1651	6
413	1651	5
349	1651	5
429	1651	9
314	1651	3
473	1651	3
174	1651	1
495	1651	4
482	1651	6
517	1651	6
344	1651	8
390	1651	12
738	1651	4
309	4077	2
354	9068	1
458	9068	2
693	6232	5
368	6232	4
825	12780	1
421	2356	1
552	2843	4
881	2843	1
496	2843	3
375	2843	8
541	2843	5
604	2843	8
464	2843	2
1019	2843	1
181	2843	2
365	1601	1
442	1601	2
685	747	2
403	747	1
308	747	1
560	747	6
102	555	1
435	555	1
345	9044	3
501	9044	6
436	9044	6
490	9044	13
575	9044	6
354	9044	8
316	9044	11
339	9044	6
475	9044	2
332	9044	6
398	9044	10
382	9044	7
596	9044	6
413	9044	10
396	9044	11
722	9044	3
837	9044	1
433	9044	2
361	9044	5
568	9044	2
661	9044	5
457	9044	9
410	9044	8
640	9044	4
828	9044	1
455	9044	5
558	9044	4
478	9044	8
446	9044	8
301	9044	3
405	9044	12
531	9044	3
598	9044	2
353	9044	9
785	1397	1
200	1044	2
357	1044	131
279	1044	6
425	1044	44
133	1044	2
782	1044	2
562	1044	9
579	1044	13
843	1044	1
350	2805	2
500	2805	1
372	2124	1
523	2124	3
611	4198	1
312	4198	1
246	447	1
311	2180	1
1313	2180	1
350	2662	4
420	2662	6
232	2662	1
276	2662	1
381	2428	6
425	2428	3
312	2428	9
375	2428	9
334	2428	7
698	2428	1
392	2428	6
477	2428	11
274	2428	1
373	2428	6
664	2428	2
473	2428	8
468	2043	8
393	2043	3
332	2043	3
431	2043	4
670	2043	3
535	2137	1
495	3462	1
551	2083	1
357	1546	8
401	1546	2
423	1546	3
343	1546	8
351	1546	1
548	1546	2
410	1546	11
582	1546	1
513	1546	1
570	1546	3
425	922	2
629	922	1
349	922	3
354	1802	1
536	1802	1
421	1651	7
639	1651	2
636	1651	4
712	1651	1
490	1651	8
506	1651	4
498	1651	3
702	1651	3
420	1651	4
666	1651	5
678	1651	3
347	1651	2
655	1651	6
729	1651	1
321	9068	4
460	9068	2
497	1312	1
466	1312	1
676	2509	1
709	2509	1
335	2509	3
330	2509	1
389	2509	2
392	2509	3
588	2509	1
487	2509	1
596	1397	5
299	372	1
264	1044	3
324	1044	30
288	1044	3
331	1044	57
422	1044	3
522	2805	1
255	622	1
507	3865	1
351	939	1
268	939	1
583	2662	2
295	1110	1
296	2428	6
328	2428	7
388	2428	12
453	2428	4
590	2428	3
415	2428	7
870	2428	1
314	2043	11
406	2043	9
478	2043	6
648	2043	1
603	1546	2
599	922	2
165	1003	1
492	1003	10
380	1651	3
603	1651	3
530	1651	1
580	1651	3
393	1651	11
377	1651	5
412	1651	5
326	1651	6
557	6232	2
431	6232	3
382	6232	3
618	6232	1
385	6232	3
518	1541	2
295	2509	1
258	678	1
441	2843	2
409	2843	7
737	2843	2
293	2843	1
310	2843	6
363	2843	9
329	2843	6
530	2843	7
250	2843	1
498	2843	2
511	2843	8
644	2843	1
482	2843	2
408	2843	3
417	466	3
459	1601	1
552	1601	1
485	1601	1
536	1601	1
551	1717	2
496	1717	3
695	747	2
362	747	9
300	9044	2
366	9044	15
418	9044	10
397	9044	6
298	9044	9
518	9044	6
595	9044	9
483	9044	7
384	9044	13
545	9044	11
318	9044	19
479	9044	5
335	9044	14
390	9044	5
377	9044	13
350	9044	11
571	9044	6
622	9044	4
668	9044	2
481	9044	7
641	9044	2
694	9044	6
801	9044	1
158	9044	1
759	9044	2
459	9044	13
336	9044	13
486	9044	3
333	9044	14
625	9044	4
429	9044	11
602	9044	5
392	9044	5
468	9044	4
856	9044	1
830	9044	1
462	9044	3
629	9044	1
325	9044	7
459	4326	4
764	4326	2
409	4326	5
728	4326	1
369	4326	6
549	4326	1
270	4326	1
434	4326	1
748	4326	2
499	4326	5
368	4326	3
506	5579	1
466	5579	1
362	543	1
267	549	1
256	710	1
247	1044	9
262	1044	9
319	1044	10
353	1044	53
345	1044	52
430	1044	89
248	2805	1
641	1765	1
569	1765	1
288	2180	2
446	2180	3
348	2662	1
816	2662	1
475	2428	5
320	2043	4
528	2043	2
425	3462	2
377	1546	5
629	1546	1
293	922	1
425	1802	2
397	1802	1
529	1651	2
394	6232	3
770	12780	1
324	3591	1
627	2843	2
418	695	2
550	747	1
313	747	8
289	747	8
587	747	16
747	747	9
271	9044	2
500	9044	6
650	9044	6
697	9044	1
525	9044	5
359	9044	11
370	9044	4
415	9044	11
426	9044	6
387	9044	10
522	9044	7
378	2467	2
460	4326	4
437	4326	5
847	4326	1
660	1108	1
600	2795	1
340	1418	2
183	1002	1
326	1002	1
569	1002	2
323	1002	1
622	5182	2
368	5182	1
382	5182	1
412	5182	1
303	5568	2
271	469	1
274	4201	1
469	4201	1
579	2408	2
474	3119	2
393	5259	1
419	5259	1
275	967	1
397	967	2
289	967	1
289	3987	2
474	3987	1
283	3987	1
419	3987	3
434	3987	1
326	3987	2
389	3987	2
551	3987	1
277	3987	1
401	3987	2
386	3987	1
743	3987	1
349	3987	1
329	3987	2
503	3987	2
518	3987	3
389	895	5
305	2141	1
344	2141	1
540	2141	1
189	1397	1
323	1397	2
384	1397	2
298	1044	5
831	1044	2
816	1044	1
577	1044	25
378	1523	1
462	3865	4
488	3865	1
554	3865	2
306	3865	2
250	3865	2
258	3865	1
660	3865	2
542	3865	2
572	3865	1
319	3865	2
172	3865	1
446	3865	1
366	914	2
331	2180	6
426	2662	2
643	2662	1
325	2662	2
329	2428	5
367	2428	10
482	2428	4
552	2428	7
612	2428	1
480	2428	8
410	2428	10
557	2428	3
454	2428	8
586	2428	5
597	2428	3
344	2428	6
314	2428	5
581	2428	1
550	2428	6
297	2428	3
522	1546	1
608	1546	1
440	1546	4
407	1546	6
634	1546	1
485	1546	3
416	1546	2
486	1546	1
425	1546	2
388	1651	2
497	1651	9
456	1651	3
479	1651	3
512	1651	4
609	1651	2
507	1651	8
449	1651	6
300	1651	7
521	1651	5
504	1651	3
339	1651	15
382	1651	6
432	1651	6
403	1651	5
662	1651	5
638	1651	2
422	1651	9
813	1651	1
398	1651	3
470	1651	6
670	1651	2
687	1651	3
571	1651	4
694	1651	1
880	1651	1
284	4878	3
260	4878	1
136	9068	1
324	9068	2
563	9068	1
443	9068	5
219	6232	1
255	1044	16
285	1044	8
426	1044	10
434	1044	33
357	2805	3
483	1830	2
434	1830	1
410	2662	3
336	2662	2
449	2662	3
275	2662	1
343	2662	2
549	2662	1
362	2428	4
678	2428	2
530	2428	9
366	2428	5
757	2428	2
544	2428	5
494	2428	2
589	2428	2
321	2428	2
202	296	14
491	2043	3
390	2043	2
308	935	1
301	507	2
533	1546	1
473	1546	2
595	922	2
351	922	3
453	1802	1
354	1651	7
411	1651	6
528	1651	3
334	1651	5
408	1651	8
363	1651	6
401	1651	8
435	12780	1
433	12780	1
350	12780	1
609	12780	1
375	12780	2
781	2843	1
630	2843	4
504	2843	3
387	2843	10
351	555	1
314	555	1
570	1601	1
422	1601	2
818	1601	3
526	2044	2
562	747	3
446	747	4
531	747	1
723	747	2
306	747	3
419	747	15
404	747	1
690	747	1
402	747	3
470	747	4
457	747	3
340	9044	4
346	9044	7
506	9044	8
343	9044	6
425	9044	4
327	9044	3
467	9044	8
995	9044	1
679	9044	3
566	9044	1
852	9044	2
477	9044	9
562	9044	4
435	9044	5
692	9044	6
645	9044	5
342	9044	4
515	9044	7
454	9044	13
137	319	1
454	4326	1
439	4326	2
353	4326	4
874	4326	1
420	4326	4
831	4326	1
602	4326	1
339	4326	2
1570	4326	2
297	5654	1
386	5654	5
299	402	1
736	1108	1
299	494	4
342	494	2
359	494	1
399	494	2
361	1536	2
657	1536	1
231	1044	18
252	1044	5
443	2805	2
352	2662	2
413	1110	3
627	2043	5
434	1945	2
893	3462	1
402	3462	1
330	1546	5
502	1546	1
465	1546	1
381	922	1
502	1651	10
326	6232	2
370	6232	1
322	2509	2
620	2509	1
340	340	3
464	6193	2
579	2843	6
347	2843	7
413	555	2
364	729	1
450	747	2
568	747	2
669	747	2
444	747	4
322	747	5
315	9044	3
465	9044	6
386	9044	3
439	9044	11
466	9044	4
585	9044	1
618	9044	3
736	4326	2
392	4326	6
394	4326	1
502	4326	1
593	4326	1
480	1002	3
798	1002	1
630	1002	1
253	433	1
330	682	1
327	522	1
368	4201	1
564	3119	1
353	967	20
388	967	6
395	967	9
526	967	1
579	967	1
362	895	1
487	895	1
418	895	1
579	1784	1
856	1784	2
494	1784	1
571	1246	3
163	1044	7
331	1095	2
485	2662	3
437	1110	1
348	1945	1
362	1546	2
655	1541	1
622	747	3
299	9044	4
700	9044	4
542	9044	9
512	9044	7
453	9044	12
473	9044	8
431	9044	7
4455	9044	1
557	9044	5
581	9044	8
556	4326	7
429	4326	6
369	4201	1
676	5259	2
360	3987	1
384	3987	3
374	3987	1
300	3987	2
427	895	1
383	2141	2
462	1246	1
658	1246	2
337	1246	2
319	1397	1
360	1044	12
318	1044	39
792	1044	2
568	1044	1
636	2662	2
408	2662	1
184	1110	1
666	2428	3
688	2428	2
559	1945	1
406	3462	1
504	3462	3
484	1546	1
836	12831	1
553	922	2
375	922	4
319	1651	9
569	1651	2
144	4878	1
355	6232	4
508	2449	1
244	2449	3
297	12780	1
522	2356	1
499	6193	1
547	6193	1
923	6193	1
372	2843	6
816	2843	1
327	2843	7
518	2843	4
697	2843	3
554	2843	4
344	2843	11
380	2843	2
459	750	1
420	555	4
455	555	2
614	747	1
299	747	10
270	747	3
309	555	2
488	9044	9
681	9044	4
494	9044	1
527	9044	6
302	9044	6
308	9044	9
471	9044	14
534	9044	4
701	9044	4
564	9044	5
714	9044	1
319	9044	7
338	9044	9
387	4326	8
430	4326	5
514	4326	3
374	4326	2
675	4326	3
520	4326	1
597	4326	6
450	4326	4
489	4326	7
455	5654	2
519	519	1
487	494	4
568	1002	2
531	1097	1
367	3119	4
373	5259	3
812	5259	1
347	5259	2
350	5259	2
466	5259	1
301	5259	1
816	5259	1
575	5259	2
456	1332	2
588	967	2
414	3987	2
637	3987	1
455	3987	1
392	3987	1
574	895	1
440	3965	1
326	3965	1
344	3965	1
670	3965	1
426	471	1
205	1044	4
256	1044	5
224	1044	3
350	1044	27
359	1044	36
721	1044	1
741	1044	2
849	1044	16
433	1523	1
467	2124	1
147	906	1
356	914	1
530	914	2
312	2845	1
479	2662	4
536	2662	2
469	1110	2
447	2428	1
380	2428	3
401	2428	12
654	2428	4
320	2428	8
583	2428	5
458	2428	3
383	2428	7
337	2428	12
368	2428	4
1082	2428	1
400	2428	5
346	2428	8
302	2428	5
588	2428	4
407	2428	9
1104	2428	1
399	2428	7
787	2428	1
451	2043	3
231	2043	1
544	2043	1
391	2043	6
319	2043	5
721	2043	2
568	2043	1
479	2043	7
656	2043	3
378	2043	7
367	2043	4
533	2382	1
501	681	1
904	3462	1
390	1546	2
543	1546	2
568	1546	3
613	1546	1
643	1546	1
329	1546	4
302	922	1
348	922	7
378	922	1
427	922	5
347	922	4
506	922	1
472	922	1
562	922	1
439	922	2
480	1651	8
762	1651	3
295	1651	4
341	1651	3
654	1651	7
358	1651	5
659	1651	4
428	1651	5
423	1651	10
443	1651	4
590	1651	2
561	1651	2
549	1651	5
469	1651	6
445	1651	7
313	1651	2
252	259	1
410	4077	1
284	1397	2
217	1044	10
228	1044	5
304	1044	22
423	1044	24
771	1044	1
1671	1830	1
318	2662	4
355	1215	1
403	2428	3
402	2428	12
406	2428	6
472	2428	7
426	2428	5
514	2428	7
911	2428	1
420	2428	5
442	2428	7
519	2428	4
568	2428	6
659	2428	1
564	2428	7
582	2043	3
637	2043	5
669	2043	5
504	2043	4
463	3462	3
319	3462	1
396	3462	3
461	1546	2
447	1546	4
417	1651	12
343	1651	4
362	1651	7
660	1651	2
966	1651	1
518	1651	4
657	1651	2
106	9068	1
455	9068	2
544	9068	1
509	9068	1
653	1541	4
489	12780	1
302	2843	4
475	2843	8
610	2843	3
410	2843	1
849	2843	1
315	750	2
355	555	1
469	555	1
637	1163	3
663	1163	1
723	1163	1
532	747	1
602	747	1
630	747	2
434	747	10
321	9044	13
445	9044	6
898	9044	1
424	9044	9
607	9044	4
818	9044	1
806	9044	1
633	9044	4
107	107	6
718	4326	2
612	4326	1
861	4326	2
790	2423	1
651	2423	1
414	3642	1
344	494	2
416	494	1
271	271	5
467	3865	2
423	3865	6
408	3865	3
490	2043	3
659	2043	2
770	2043	3
452	1945	2
473	1945	1
438	1945	1
349	2083	1
311	1546	4
592	1651	2
596	1651	6
352	1651	7
817	1651	2
386	1651	8
363	2356	1
595	2356	1
403	2843	3
331	2843	3
392	555	9
320	1601	1
347	1601	2
277	2044	1
429	747	5
359	747	5
409	747	6
341	9044	31
324	9044	3
399	9044	6
554	9044	4
653	9044	2
706	9044	2
631	9044	3
556	9044	3
428	9044	6
988	9044	1
517	9044	3
389	9044	3
375	2467	2
434	2467	1
550	4326	1
361	4326	2
272	4326	1
532	4326	5
396	4326	5
500	4326	2
503	4326	2
603	4326	2
298	5654	1
441	2423	4
668	2423	1
265	1002	1
286	1002	1
258	721	2
329	4201	1
381	3119	1
740	5259	1
392	5259	2
453	5259	1
659	3987	2
439	3987	2
381	3987	1
418	2141	1
422	2141	1
339	1246	2
564	1246	1
501	1246	1
331	1246	3
270	1397	6
347	372	2
208	1044	16
248	1044	1
265	1044	8
219	1044	1
394	1044	2
673	1044	1
358	2124	2
263	267	1
418	3865	2
351	2180	1
278	904	1
300	544	2
437	544	1
340	2662	9
323	2662	1
456	2662	2
369	2662	1
655	2428	1
418	2428	8
310	2428	4
479	2428	6
511	2428	8
424	2428	8
527	2428	4
579	2043	3
458	2043	6
686	2043	1
595	2043	1
494	2043	10
354	2190	1
282	2382	2
73	681	1
307	681	1
392	681	1
431	1945	2
494	1945	3
119	3462	1
398	1546	3
430	1546	4
358	1546	5
419	1546	3
339	1546	3
491	12831	1
446	12831	3
1468	12831	1
669	12831	1
2826	12831	1
321	526	1
520	922	1
316	922	3
628	922	1
403	922	1
572	922	5
571	922	1
374	922	2
473	922	2
306	1651	7
519	1651	4
484	1651	4
335	1651	8
865	1651	2
608	1651	3
542	1651	3
305	1651	4
802	4077	1
417	6232	2
345	1005	5
370	370	2
362	370	1
369	12780	4
709	12780	2
641	12780	1
389	12780	1
528	12780	2
191	1044	1
408	1044	11
428	1044	26
603	1044	2
835	1044	4
286	1095	2
368	1095	1
447	3865	2
472	3865	2
561	3865	1
368	3865	1
277	939	2
436	563	1
449	563	2
1617	2662	2
261	1110	1
483	2428	5
284	2043	1
318	1546	5
405	1546	4
503	1546	1
468	922	1
202	1003	1
415	1651	2
591	1651	1
375	1541	2
867	12780	1
609	1206	2
350	6193	1
645	6193	1
399	6193	1
811	6193	1
301	6193	2
663	6193	1
472	6193	1
523	2843	3
647	2843	5
405	2843	4
359	664	1
110	750	1
646	750	1
559	747	3
616	747	5
478	747	1
307	747	6
383	747	5
399	747	1
248	747	2
103	555	1
482	9044	4
404	9044	6
615	9044	4
671	9044	2
449	9044	12
748	9044	2
712	9044	2
330	9044	4
317	9044	7
297	9044	4
474	9044	3
279	9044	1
362	9044	10
348	9044	7
537	9044	9
421	9044	5
443	9044	8
276	9044	2
374	9044	12
491	9044	5
684	9044	2
328	9044	2
469	9044	3
674	9044	4
334	524	1
308	4326	3
496	4326	3
320	4326	2
636	4326	2
397	4326	2
477	4326	4
311	4326	10
614	4326	2
475	4326	1
449	4326	7
486	4326	3
504	4326	1
599	4326	1
494	4326	1
329	4326	3
559	4326	2
542	4326	1
391	4326	2
316	4326	4
441	4326	1
498	4326	5
432	4326	2
349	4326	8
443	5654	4
690	5654	1
449	5654	1
495	5654	1
461	853	1
97	1044	6
412	1044	4
433	1044	19
580	1523	1
638	2662	1
368	2291	1
382	2428	9
273	2428	1
397	2428	8
628	2428	3
569	2428	3
624	2043	1
356	1945	2
335	3462	7
681	3462	1
385	3462	2
558	1546	3
363	1546	4
305	1546	3
315	9068	3
481	6232	2
508	6232	3
626	6232	2
373	2449	1
317	2224	3
324	455	1
373	6193	2
525	6193	1
453	2843	2
909	2843	1
665	2843	5
403	750	1
418	1601	1
631	1163	2
485	747	1
671	747	4
422	747	5
290	747	4
293	9044	2
347	9044	5
422	9044	4
406	9044	7
441	9044	8
184	9044	1
683	9044	4
907	9044	1
815	9044	2
337	9044	7
847	9044	3
766	9044	3
718	9044	3
329	9044	6
357	9044	5
198	2467	1
451	4326	2
352	4326	5
491	4326	3
326	4326	2
176	213	1
437	2423	1
112	2423	1
400	3642	1
553	566	1
545	566	1
489	1002	1
442	1002	3
131	157	1
325	5568	1
398	2150	1
741	4201	1
540	4201	2
207	1044	15
306	1044	15
393	1044	2
379	1044	21
122	1044	3
554	1044	5
508	2124	1
443	2124	2
401	2180	1
332	2180	3
233	2180	1
409	2662	5
341	2428	8
882	2428	2
549	2428	4
303	2428	2
708	2428	5
525	2428	5
662	2043	1
513	2043	6
561	2043	1
469	2043	7
436	2043	6
412	760	1
201	478	1
279	3462	1
568	3462	1
346	2083	1
387	2083	2
241	573	2
422	1546	5
340	1546	6
361	922	2
318	922	3
573	922	2
384	922	4
507	922	2
366	922	2
338	922	10
121	1003	3
353	1651	9
486	1651	6
682	1651	2
620	1651	2
555	1651	1
763	1651	3
736	1651	1
523	6232	1
621	6232	1
441	6232	7
358	6232	2
701	1541	1
327	2509	1
712	12780	1
730	12780	1
200	708	1
108	2843	1
386	2843	4
675	2843	2
339	2843	3
759	2843	2
535	2843	9
317	555	2
737	1717	1
375	1717	1
509	747	2
597	747	2
435	747	4
344	9044	7
282	9044	1
514	9044	8
352	9044	5
624	9044	4
440	9044	7
169	9044	1
867	9044	1
476	9044	12
686	9044	4
909	9044	1
456	9044	12
458	9044	9
885	9044	2
550	9044	4
294	3481	1
384	1044	7
416	1044	9
420	1044	5
328	2805	1
623	3865	1
429	939	1
395	2180	1
472	1110	1
594	2428	2
339	2428	10
322	2428	11
306	2428	6
481	2428	10
491	2428	13
169	296	1
497	2043	3
597	2190	1
853	1945	1
110	573	4
362	507	1
367	1546	5
389	1546	1
681	1546	2
445	1546	2
583	922	3
292	1651	2
342	1651	7
330	1651	6
363	6232	1
365	6232	4
431	1541	1
362	1541	2
463	1541	1
606	2224	1
405	678	1
368	12780	3
591	12780	2
497	6193	1
210	6193	2
446	6193	2
323	2843	2
304	1397	5
197	1044	1
225	1044	6
243	1044	6
649	1044	3
566	1044	5
559	1044	3
257	1095	1
477	2805	1
416	2805	2
585	2805	1
265	367	3
369	369	3
303	3865	2
408	939	2
557	1351	1
608	1351	1
126	2180	2
832	2662	2
821	2662	2
393	2662	1
618	2662	1
473	2662	2
425	2662	1
505	2662	4
524	2662	1
335	2662	2
660	2662	1
396	1110	1
602	1110	1
460	2428	9
335	2428	8
338	2428	11
370	2428	8
336	2428	7
414	2428	8
309	2428	8
361	2428	5
249	2428	2
516	2428	8
565	2428	3
619	2428	2
330	2428	6
325	2428	10
474	2428	4
333	2428	6
621	2428	5
643	2428	7
752	2428	2
315	2428	1
939	2428	1
546	2428	3
369	2428	2
466	2428	6
515	2428	6
841	2428	1
394	2428	10
364	2428	9
669	2428	5
326	2043	2
554	2043	3
609	2043	1
775	2043	1
311	2043	3
748	2043	2
369	2043	9
525	2043	4
384	2043	2
338	2043	6
690	2043	4
355	2043	4
563	2043	3
413	2043	2
608	2043	2
374	2043	4
317	2043	4
278	2043	3
565	2043	5
431	1397	2
102	1044	2
296	1044	4
641	1044	3
436	1095	1
496	3865	1
481	2662	1
629	2662	1
492	2662	2
553	2662	1
323	2428	5
441	2428	6
455	2043	6
484	2043	6
838	2043	2
580	2043	3
336	867	1
163	681	1
550	681	1
372	681	1
421	1546	3
327	922	3
390	922	4
358	922	4
354	922	2
333	922	2
498	922	1
471	922	1
499	922	1
341	1802	1
504	1802	4
476	1651	4
348	1651	9
525	1651	4
790	1651	3
375	1651	5
341	4077	1
316	4077	1
475	4077	2
655	6232	1
453	6232	2
804	6232	1
758	1541	1
613	1541	1
147	2449	2
357	2509	1
344	12780	1
680	12780	1
662	12780	2
488	6193	1
394	6193	1
359	6193	1
381	6193	1
420	6193	5
298	2843	3
393	2843	3
361	2843	3
568	2843	2
383	2843	6
755	2843	4
414	664	1
419	750	1
293	1717	1
335	1397	1
396	1044	4
769	1044	3
820	1044	1
568	1947	1
511	2805	3
103	103	2
359	3865	3
74	444	1
380	2180	2
393	2180	4
353	2180	1
423	2180	1
440	2662	3
349	2662	8
462	2662	4
374	2662	6
475	2662	1
315	2662	1
562	2662	2
522	5045	1
127	2428	1
351	2428	2
390	2428	6
443	2428	4
609	2428	3
427	2428	10
490	2428	7
429	2428	6
448	2043	2
395	2043	1
460	2043	3
405	2043	5
410	2043	9
517	2043	6
498	2043	6
321	2043	1
645	2043	3
424	2043	1
310	2190	1
363	1945	4
415	1945	3
810	1945	1
862	1945	1
480	3462	1
450	3462	2
350	3462	5
510	3462	1
449	3462	1
328	1546	4
462	1546	3
381	1546	2
672	1546	3
411	1546	2
360	1546	3
289	1546	2
235	12831	1
367	12831	1
428	12831	1
494	1651	3
588	1651	4
863	1651	1
946	1651	1
396	1651	5
311	1651	5
444	1651	3
716	1397	1
510	1397	3
282	1397	3
121	1044	2
214	1044	2
254	1044	7
411	1044	3
811	1044	1
147	547	3
105	547	1
261	2180	1
444	2428	8
563	2428	1
785	2428	2
668	2428	2
587	2428	5
355	2428	14
433	2428	5
740	2428	2
520	2428	9
522	2428	5
216	2428	1
584	2428	3
317	2428	7
692	2428	2
649	2428	2
501	2043	2
434	2043	4
435	2043	8
376	2043	9
383	2043	12
625	2043	4
327	2043	8
832	2043	1
673	2043	1
546	2043	5
357	2043	4
420	2043	7
329	2043	6
581	2043	3
855	2043	1
306	1546	3
302	1651	2
713	1651	1
485	1651	5
475	1651	2
459	1651	3
830	1651	1
471	1651	5
463	1651	4
764	1651	1
509	1651	4
493	1651	4
532	1651	5
397	6232	5
476	6232	7
357	6232	1
604	6232	2
805	6232	1
376	6232	1
724	6232	1
301	6232	3
741	6232	2
323	661	1
426	1397	2
311	1397	1
233	1044	9
242	1044	5
259	1044	5
286	1044	4
282	1044	3
383	1044	1
398	1044	2
674	1044	3
409	1044	3
733	1044	1
823	1044	1
359	2662	3
717	2662	1
497	2428	5
786	2428	1
501	2428	2
293	2428	6
589	2043	1
339	2043	4
337	2043	9
964	2043	1
385	1945	1
330	1945	1
331	3462	2
463	1546	1
441	1546	5
454	1546	7
736	1546	1
402	1546	4
375	1546	5
448	922	2
305	922	1
374	1651	5
298	1651	2
572	1651	4
303	1651	4
442	2648	1
514	2356	1
625	2356	1
415	6193	1
265	6193	1
559	1247	1
377	1247	1
603	2843	2
514	2843	1
618	2843	2
628	2843	1
724	2843	2
429	555	1
330	747	3
697	747	3
397	747	1
363	747	6
476	747	1
272	747	1
404	609	1
313	9044	6
323	9044	11
499	9044	4
543	9044	8
447	9044	8
450	9044	7
376	9044	4
771	9044	4
743	9044	4
652	9044	2
594	9044	1
487	9044	4
420	9044	6
460	9044	9
555	9044	4
378	5985	3
277	1397	1
482	1397	1
519	1397	3
129	1044	1
218	1044	9
258	1044	1
413	1044	3
296	547	1
147	2086	1
573	2124	1
521	2124	1
357	2428	6
690	2428	6
542	2428	2
770	2428	1
348	2428	7
197	2428	1
523	2428	4
610	2428	3
772	2428	1
699	2428	1
689	2043	3
727	2043	1
360	2043	7
352	2043	9
516	2043	4
550	2043	4
625	2190	1
266	1546	2
334	1546	4
412	1546	2
383	1546	1
317	1546	6
353	922	3
787	922	1
450	1651	7
595	1651	3
405	1651	6
322	1651	5
635	6232	5
519	6232	1
424	2843	4
642	2843	4
641	2843	1
687	2843	1
852	2843	1
510	2843	3
787	2843	1
481	2843	8
332	2843	5
658	2843	3
589	2843	2
350	2843	3
941	2843	2
526	2843	3
537	2843	2
307	2843	8
374	2843	3
316	2843	9
476	2843	4
193	2843	1
341	2843	4
355	2843	1
635	2843	2
319	2843	5
551	750	1
428	750	1
479	555	1
209	797	1
592	747	4
642	747	1
682	747	1
593	9044	4
572	9044	3
519	9044	7
723	9044	3
365	9044	5
654	9044	3
523	9044	2
303	9044	2
536	9044	3
965	9044	1
617	9044	5
310	9044	8
368	9044	6
437	9044	6
495	9044	3
385	9044	9
118	4326	1
481	4326	4
443	4326	3
306	4326	1
423	4326	1
381	4326	1
414	4326	2
213	213	11
332	1397	1
543	1397	4
515	1397	2
294	1044	8
134	1044	1
401	1044	5
810	1044	2
572	1044	8
658	2805	1
557	2662	2
522	2662	1
331	2428	6
585	2043	6
135	681	1
324	3462	2
307	3462	1
472	1546	2
301	922	3
682	922	1
301	1802	1
344	1802	1
345	1651	7
458	1651	6
431	1651	4
647	1651	1
649	1651	2
465	6232	2
460	6232	1
321	6232	3
686	6232	1
559	6232	1
626	2449	1
727	2449	1
306	2843	1
312	2843	6
861	2843	1
425	2843	3
334	2843	2
521	2843	3
340	2843	3
428	2843	6
474	2843	6
723	2843	2
479	2843	3
583	2843	2
433	2843	4
477	2843	2
615	2843	4
376	2843	3
771	2843	4
489	555	2
564	1163	2
418	1163	2
295	1163	1
518	1163	1
662	1163	1
685	1163	1
653	1163	1
676	1163	1
480	1163	1
604	747	1
629	747	2
725	747	3
297	747	2
468	747	1
363	1397	1
362	1044	31
389	1044	7
255	1523	1
380	1830	2
327	622	1
112	622	1
398	622	2
335	3865	1
439	3865	2
447	2180	3
497	3800	1
547	2428	3
488	2043	4
433	1945	1
308	1546	4
672	922	1
420	922	2
737	1651	3
612	9068	1
368	1541	6
288	1541	1
378	1541	1
361	1541	1
395	1541	2
448	2509	1
371	2509	1
419	2509	1
335	2843	10
742	2843	1
572	2843	2
367	2843	4
544	2843	2
760	2843	1
449	750	1
529	2086	1
591	1601	1
309	1601	1
381	1717	1
433	1717	3
324	1717	1
151	599	1
325	1163	2
367	1163	2
477	747	3
372	9044	4
363	9044	7
696	9044	5
728	9044	3
403	9044	11
685	9044	2
630	9044	1
553	9044	2
530	9044	2
569	9044	5
590	9044	5
331	9044	11
656	9044	4
266	9044	1
252	9044	1
450	2467	1
734	4326	1
698	4326	1
617	4326	1
467	4326	3
312	4326	3
447	4326	4
685	4326	1
376	4326	3
484	4326	6
432	2423	3
319	668	1
413	668	1
352	668	1
365	668	2
407	1044	4
464	570	1
325	3865	3
416	1453	3
157	164	1
502	2428	3
538	2428	5
801	2382	1
305	2382	1
89	507	1
679	1546	2
542	922	2
312	1802	1
454	1802	1
616	1651	4
511	6232	2
349	6232	2
377	2509	1
353	6193	5
311	2843	1
492	2843	8
462	2843	2
317	2843	4
392	921	3
394	747	2
412	747	5
309	9044	7
589	9044	2
484	9044	9
584	9044	3
378	9044	5
744	9044	3
265	9044	1
411	9044	6
577	4326	1
231	4326	1
305	4326	1
379	4326	5
353	5579	1
446	1418	2
490	1002	2
458	2408	1
360	2408	1
396	3119	1
643	5259	1
439	5259	1
658	5259	1
477	5259	2
543	784	1
352	967	2
549	967	1
480	3987	2
352	3987	3
424	3987	2
288	3987	1
504	895	1
381	1784	1
285	2141	1
441	2141	1
640	1246	1
445	1246	1
573	1246	4
438	1397	1
459	1397	2
248	1397	1
403	1044	16
583	2805	1
471	3865	1
640	3865	1
549	2043	1
324	2043	9
405	1945	1
357	2083	1
359	1546	5
331	1546	6
527	1546	1
392	1546	5
386	1546	3
344	922	3
372	1651	8
367	1651	7
364	9068	2
655	9068	1
409	6232	1
448	6232	2
236	1717	1
546	1717	2
402	1717	1
456	747	1
496	747	1
647	747	1
598	747	1
573	9044	4
492	9044	1
434	9044	7
711	9044	5
369	9044	13
738	9044	3
755	9044	1
356	9044	5
304	9044	2
520	9044	7
509	9044	8
412	9044	10
498	9044	1
707	9044	3
430	9044	8
768	4326	1
357	4326	7
399	4326	4
517	4326	4
634	4326	1
332	4326	4
295	4326	3
415	4326	3
309	4326	2
340	5579	2
470	1804	1
425	3642	3
324	1002	2
366	1002	2
613	1397	1
261	1397	3
300	1044	10
311	1044	23
251	1044	1
373	3865	2
553	3865	3
248	3865	1
612	3865	1
353	3865	1
424	939	2
185	914	1
476	2662	1
617	2662	1
422	2662	1
493	2428	8
416	2428	3
386	2043	2
380	2043	1
449	2043	5
345	2043	4
774	2043	1
636	2043	1
48	425	1
366	573	1
413	1546	4
741	1546	1
336	1546	8
321	1546	5
554	1546	2
569	1546	1
457	12831	3
205	922	2
406	1651	4
743	1651	1
351	6232	2
541	6232	5
561	6232	2
455	1541	3
259	2512	2
321	2512	1
306	340	1
409	2356	1
325	2843	4
451	2843	1
384	2843	5
531	2843	6
305	2843	1
330	2843	2
400	2843	4
527	2843	3
336	1717	3
415	1717	1
409	1163	2
376	1397	1
160	1044	5
399	1044	2
414	1044	2
800	1044	1
227	351	2
339	2805	1
267	267	2
468	2428	5
257	2428	1
363	2428	6
825	2428	1
607	2428	3
391	2428	3
299	2428	4
880	2428	1
396	2043	8
564	2043	6
753	2043	1
443	2043	6
341	2043	2
336	2043	5
755	2043	2
714	2043	1
630	2043	1
547	2043	4
621	2043	2
766	2043	2
612	2043	3
291	2043	1
368	368	3
481	681	3
439	1546	3
313	1546	6
474	1546	1
361	1546	4
311	922	4
315	922	2
419	1651	5
515	1651	8
564	1651	7
524	1651	2
613	1651	1
675	1651	4
912	1651	1
373	1651	7
267	9068	1
365	9068	4
290	9068	1
516	9068	2
307	9068	1
430	9068	1
641	9068	2
334	9068	2
471	6232	5
318	1541	2
226	1044	1
273	1044	5
392	1044	2
458	1044	1
342	2124	1
298	2124	1
502	3865	2
466	3865	1
370	2180	1
396	3800	1
412	2428	3
560	2428	4
837	2428	1
477	2043	12
675	2043	2
314	3462	2
369	1546	3
434	1546	4
428	922	2
369	922	3
328	1651	4
414	1651	4
308	1651	5
627	4077	1
615	2449	2
377	2449	3
319	2449	1
593	2449	1
665	2356	1
303	387	2
546	2843	3
472	2843	4
422	2843	4
650	2843	5
371	2843	3
660	2843	3
561	2843	1
590	2843	4
517	2843	6
439	2843	2
287	1601	2
324	747	2
417	747	3
416	9044	9
715	9044	3
510	9044	8
740	9044	2
347	4326	3
354	565	1
355	1418	1
381	1002	3
345	1002	1
548	1002	3
376	1002	2
705	5182	1
314	5182	3
463	2355	1
505	2408	2
334	2408	1
530	2408	2
334	3119	1
433	3119	1
557	3119	1
565	5259	2
456	967	2
403	2891	2
151	1397	2
405	1397	1
432	1397	4
679	1397	1
407	1397	2
185	1044	3
399	547	1
371	2805	1
530	2124	1
338	2124	1
324	3865	1
308	914	2
457	2428	6
836	2428	1
396	2428	4
476	2428	5
634	2428	12
533	2043	2
539	2043	1
573	2043	8
1046	2043	1
524	2043	1
467	681	1
541	3462	1
371	1546	3
428	1546	2
316	1546	3
650	1546	1
494	1546	2
1504	12831	1
334	1802	1
435	1651	10
277	1651	2
651	1651	1
460	1651	5
785	1651	2
357	1651	4
436	9068	2
541	9068	1
405	9068	1
504	9068	2
408	6232	2
613	6232	1
500	6232	2
533	6232	2
343	6232	2
429	6232	2
641	6232	3
708	6232	1
440	6232	3
519	1541	4
216	2512	1
337	2648	1
248	340	1
332	1111	1
294	2356	1
379	6193	2
333	6193	1
582	2843	1
807	2843	2
822	2843	1
324	2843	1
551	2843	4
486	2843	1
564	2843	5
500	2843	4
609	2843	3
382	2843	2
586	2843	3
397	2843	3
326	2843	7
444	2843	4
124	1044	2
169	1044	2
372	1044	20
283	1044	1
333	3865	1
309	2190	1
347	1546	3
374	1546	1
338	1651	6
342	1196	2
530	6193	1
380	6193	1
465	2843	2
815	2843	1
768	2843	1
600	1163	2
306	9044	4
290	9044	3
423	9044	8
627	9044	3
588	9044	6
307	4326	5
440	1002	1
305	838	1
638	1807	1
495	967	1
842	3987	1
362	3987	1
876	3987	1
259	3987	1
463	3987	1
289	3965	1
512	1784	1
662	1784	1
306	1397	2
227	1397	1
158	1044	3
187	1044	3
236	1044	5
299	1044	18
348	1044	19
253	1044	4
177	1044	1
424	1044	5
713	1044	1
317	2805	1
421	2805	1
273	1523	2
518	1523	2
382	1523	3
927	1523	1
454	2124	2
414	3865	4
1001	3865	3
632	3865	1
392	3865	3
314	2180	1
291	2180	3
625	2662	1
302	2662	2
656	2428	3
456	2428	5
289	2428	3
603	2428	1
627	2428	3
451	2428	4
681	2428	4
492	2428	6
463	2428	7
446	2428	9
313	2428	5
558	2428	1
484	2428	13
405	2428	3
625	2428	7
745	2428	3
464	2428	8
340	2428	3
555	2428	4
526	2043	4
412	2043	5
300	2043	1
518	3462	3
583	3462	1
436	3462	2
590	3462	1
873	3462	1
640	3462	1
304	2083	1
511	2083	3
370	2083	2
380	1397	2
366	1397	1
535	1397	1
108	1044	1
180	1044	2
263	1044	2
153	1044	2
669	1044	1
526	2805	1
368	1523	1
247	2662	1
646	2662	2
343	2428	12
144	456	1
315	2043	2
415	2043	1
523	2043	1
806	2043	1
495	2043	2
411	5265	1
293	1546	1
406	1546	3
380	1546	4
481	1546	3
367	922	6
383	1651	7
324	1651	5
516	1651	2
760	1651	1
581	1651	3
464	1651	7
489	1651	5
534	1651	1
446	1651	3
466	1651	5
533	2512	1
509	2512	1
409	12780	1
794	12780	1
376	12780	2
648	2356	2
582	2356	1
320	2356	1
356	1397	6
272	1397	1
227	1044	3
832	1044	6
619	1044	1
496	2805	2
497	2805	3
392	2662	2
207	296	1
312	2043	5
511	2043	3
373	2043	3
429	2043	6
365	2043	3
622	2043	4
481	2043	2
334	2043	2
588	2043	3
336	2137	2
584	3462	2
690	3462	1
315	611	2
393	1546	2
468	1546	4
312	1546	4
290	1546	3
589	922	1
416	922	3
391	1802	1
581	4077	2
706	6232	1
359	6232	1
712	2509	1
625	2509	2
412	12780	1
443	12780	3
334	6193	2
673	2843	3
121	750	1
301	750	1
302	1163	4
649	1163	2
312	1163	3
63	1389	1
601	747	1
452	747	1
325	747	1
505	747	2
305	9044	2
751	9044	2
432	9044	10
427	9044	5
733	9044	1
388	9044	6
729	9044	1
528	9044	5
540	1397	2
130	1044	2
131	1044	2
496	1044	1
822	1044	3
308	547	1
329	1453	1
391	2180	4
426	3800	1
400	3800	3
738	2428	1
799	2428	2
294	2428	3
972	2428	1
771	2043	2
27	425	2
460	3462	1
288	1546	1
368	1546	1
556	1546	2
625	12831	1
497	922	1
323	922	3
359	1651	6
515	9068	3
644	9068	2
545	6232	1
390	6232	3
637	1541	1
128	360	1
373	12780	1
370	12780	2
384	12780	1
442	6193	2
714	6193	1
456	2843	8
728	2843	5
734	2843	1
353	2843	5
417	555	1
556	1601	1
534	729	1
369	2805	2
438	3865	1
273	3865	1
411	2428	8
575	2428	1
408	3319	1
381	3319	1
738	2043	2
346	2043	12
353	2043	8
731	2043	4
574	2043	2
331	2043	9
649	2043	1
1204	1945	1
1205	1945	1
359	3462	2
436	1546	1
284	1546	1
465	1802	1
608	6232	3
348	6232	2
336	6232	6
218	6232	1
549	6232	2
391	6232	2
459	6232	4
477	6232	2
587	12780	2
560	1228	1
355	6193	1
581	2843	2
826	2843	1
423	2843	8
318	1601	1
509	1601	2
860	1601	1
507	1601	1
652	1717	1
439	747	1
547	747	1
637	747	1
475	747	1
421	747	4
502	9044	4
400	9044	9
535	9044	5
538	9044	3
804	9044	2
608	9044	2
943	9044	1
942	9044	1
351	9044	15
660	9044	7
822	9044	1
689	9044	3
464	9044	3
677	9044	1
292	9044	1
191	4326	1
482	4326	2
313	4326	3
511	5579	1
494	2423	1
311	2194	1
256	838	1
384	3865	1
247	2180	1
360	555	2
303	747	3
582	747	2
403	1002	3
330	2141	1
435	5170	2
718	1397	1
291	1044	6
600	1044	1
799	1044	2
761	1044	1
382	2805	1
380	2805	1
345	2805	1
395	1523	1
255	914	1
385	2180	2
573	2662	2
894	2662	1
466	2662	2
622	2428	2
640	2428	5
504	2428	2
599	2428	2
694	2428	1
528	2428	5
651	2043	1
376	3462	3
438	3462	1
651	1546	2
337	1546	3
379	1546	2
433	1546	2
994	12831	1
461	526	1
296	922	1
380	922	1
303	2509	1
313	703	1
571	1111	1
431	6193	3
662	6193	1
375	6193	1
292	1044	14
297	1044	14
504	4198	1
755	2428	1
826	2428	2
950	2428	1
537	2428	6
342	3462	2
557	1546	1
324	1546	3
320	1546	2
700	2356	1
326	2356	1
592	2843	2
520	2843	5
152	2843	1
767	9044	4
591	9044	5
795	9044	4
662	9044	2
604	9044	3
493	9044	4
644	9044	6
594	4326	1
519	4326	4
526	4326	3
366	4326	2
448	4326	3
343	4326	3
648	5579	1
749	5579	1
261	402	1
188	1108	1
234	1108	1
408	3642	1
196	1002	1
446	4201	1
382	5259	1
329	5259	2
647	5259	1
761	5259	1
319	1332	1
399	1332	2
495	1332	1
283	483	1
1727	1727	1
386	2614	2
598	2614	1
481	2614	1
396	967	1
416	967	1
503	1784	1
627	1784	1
477	1246	2
295	1246	2
297	1246	2
287	1044	12
438	1044	2
470	1044	1
553	1044	1
836	1044	6
779	1044	1
575	1044	8
797	1044	1
569	1044	7
825	1044	2
609	1044	1
485	2805	1
622	622	2
293	939	1
458	2662	1
1486	2662	1
1625	2662	1
1758	2662	1
515	2662	2
528	2662	1
377	2662	4
344	2662	3
517	2662	3
579	2662	1
387	2662	1
347	2428	10
533	2428	2
687	2428	1
300	2428	5
734	2428	2
409	2428	6
385	2428	6
461	2428	6
662	2428	2
862	2428	1
716	2428	2
445	2428	5
593	2428	2
532	2428	4
325	2043	2
619	2043	2
417	2083	2
504	1546	2
404	1546	9
541	1546	1
493	1546	2
671	922	1
359	922	4
327	1651	3
626	1651	1
754	1651	1
453	1651	3
696	1651	1
692	1651	4
617	1651	1
440	1651	4
511	1651	3
552	1651	6
452	1651	4
409	1651	8
513	1651	4
165	1397	1
395	1397	1
637	1044	3
747	1044	1
362	3865	3
292	2428	1
295	2428	1
667	2428	3
404	2428	8
721	2428	1
421	2043	10
552	2043	4
510	2043	7
571	2043	3
388	681	3
496	922	1
662	6232	1
593	1541	2
300	1541	1
542	2843	1
497	2843	4
322	2843	5
638	2843	1
369	2843	2
503	2843	2
225	555	1
618	747	4
503	9044	3
546	9044	1
380	9044	3
497	9044	6
505	9044	6
448	9044	6
385	1021	1
574	2423	1
333	668	1
372	402	1
329	494	1
309	1418	1
347	941	1
346	4201	1
320	4201	1
368	3119	3
326	5259	1
425	967	1
564	2891	1
330	3987	2
712	3987	1
312	3987	1
323	3987	1
382	3987	3
517	3987	1
451	3987	1
385	3987	1
538	3987	1
642	3987	2
536	3987	1
506	3987	1
342	3987	1
291	3987	1
315	821	1
604	821	1
352	895	1
121	121	1
368	3965	1
604	1784	1
520	1246	1
710	1246	1
394	5170	1
324	1397	2
135	1044	2
388	2180	2
569	2662	4
427	2662	1
471	2428	5
683	2428	7
418	2043	2
447	681	2
404	1945	1
364	1546	3
247	12831	1
317	1651	4
391	1651	7
82	6232	1
443	6232	4
764	6232	1
187	2449	2
103	6193	1
658	6193	1
396	2843	3
452	9044	6
578	9044	3
703	9044	3
504	9044	4
470	9044	3
540	9044	5
296	4326	1
483	4326	2
396	5654	3
253	494	1
349	494	2
312	1418	1
385	1002	4
429	1002	2
388	2150	2
392	3119	1
225	225	4
294	5893	1
323	967	1
805	3987	1
579	3987	1
587	2141	1
772	2141	1
560	1246	1
593	1246	4
423	1246	5
540	1246	2
625	1246	3
714	1246	1
287	1246	2
410	1044	2
478	1044	1
561	1044	7
439	1523	1
451	3865	3
644	3865	1
397	3865	1
379	939	1
504	1453	2
445	1453	2
485	1453	1
661	1453	1
394	1453	1
387	1453	1
321	2180	3
292	1110	1
317	3189	1
352	2428	3
407	2043	4
584	2043	5
597	2043	1
700	2043	2
442	2043	1
723	2043	1
313	2043	4
843	2043	2
406	1945	1
442	1945	3
825	1945	2
509	1546	4
396	12831	1
1315	12831	1
834	12831	1
1057	12831	2
412	12831	1
319	922	3
564	922	2
457	922	4
364	1651	4
330	9068	2
316	9068	1
395	9068	1
638	6232	1
760	6232	1
536	1541	1
470	2509	1
516	2509	1
565	2509	1
756	2509	1
582	2509	2
507	2509	1
410	12780	1
522	2843	2
858	2843	1
468	2843	2
412	2843	5
721	2843	1
483	2843	4
578	2843	4
1996	2843	1
709	2843	1
328	2843	7
729	2843	3
633	2843	1
1946	2843	1
291	2843	1
178	747	1
401	747	2
565	747	3
330	555	3
613	9044	3
355	9044	9
524	9044	11
295	9044	3
932	9044	1
463	9044	5
521	9044	4
664	9044	2
579	9044	2
375	9044	4
646	9044	5
507	4326	1
492	4326	2
363	4326	7
563	4326	1
358	1397	1
738	1397	1
117	1044	1
284	1044	1
891	939	1
444	2180	1
279	2428	2
573	2428	8
531	2043	3
618	2043	4
338	1546	2
366	1546	5
476	1546	1
363	922	1
540	922	2
377	12780	3
497	12780	1
504	12780	1
593	1247	1
431	2843	1
272	2843	1
743	2843	2
661	2843	5
410	1717	1
442	9044	6
507	9044	9
639	9044	3
552	9044	4
803	9044	1
444	9044	3
695	9044	2
417	3481	1
488	4326	3
309	1002	2
188	5893	1
483	483	2
325	2141	1
429	3319	1
309	2356	2
646	2356	1
556	2843	5
620	2843	2
393	9044	5
612	9044	3
799	4326	2
417	1002	1
456	1246	2
362	1246	1
337	1397	2
105	743	1
307	3865	3
324	2180	2
203	2180	1
485	2428	6
506	2043	4
439	1945	3
293	1945	1
354	1546	2
550	1546	3
556	1651	1
375	6232	2
247	6232	1
496	2224	1
191	12780	1
344	6193	1
671	2843	1
703	2843	1
262	575	1
442	555	1
402	2884	2
394	1163	1
281	9044	1
647	9044	3
592	9044	2
322	4326	3
829	4326	1
318	4326	2
480	4326	3
743	4326	1
298	4326	1
537	4326	1
420	668	1
533	1108	1
517	564	1
297	838	2
393	997	1
319	2299	1
249	721	1
325	2408	1
419	3119	2
384	3119	3
379	5259	4
476	5259	1
463	5259	1
222	225	2
409	2614	1
394	967	3
451	967	1
340	2891	1
793	1397	1
250	1044	5
119	1044	1
354	3865	3
556	2043	4
804	2043	1
277	478	1
455	922	1
536	1651	5
404	1651	4
104	104	1
517	6232	1
469	6232	2
756	6232	1
594	2224	1
379	2356	1
420	2356	1
370	2356	1
439	2356	1
593	2843	4
391	483	1
611	747	3
846	9044	1
780	9044	1
414	9044	3
513	9044	4
510	4326	2
414	543	2
316	1108	2
361	3642	1
648	1418	1
567	1002	1
434	5568	1
261	997	1
412	997	2
383	2299	1
634	2299	2
554	2299	1
722	2299	2
380	2299	2
321	2299	1
999	2299	1
269	2299	1
461	4201	1
329	2408	1
321	2408	2
352	2408	1
303	2408	1
344	2408	1
409	2408	1
492	2408	1
655	2408	1
438	2408	1
393	2408	1
408	2408	1
437	2408	3
479	2408	1
529	2408	1
559	2408	4
473	2408	1
425	2408	2
392	2408	1
368	2408	2
906	2408	1
380	2408	3
509	2408	1
385	2408	1
533	2408	1
345	2408	1
314	2408	1
335	2408	1
484	2408	2
420	2408	1
510	2408	1
542	2408	1
635	2408	1
631	2408	1
487	2408	1
304	2408	2
740	2408	1
382	2408	2
417	2408	2
428	2408	1
481	2408	2
400	2408	2
515	2408	1
323	2408	1
324	5259	1
458	5259	1
454	5259	1
525	5259	1
784	5259	1
457	5259	1
250	1332	1
427	1397	2
314	1397	1
343	372	3
320	547	2
104	547	1
654	2805	1
478	2805	1
313	2124	1
313	4198	1
381	914	6
434	2180	3
467	1110	1
642	1548	1
423	2428	7
673	2428	2
520	2043	3
223	760	2
125	681	1
238	611	1
220	573	1
400	1546	2
322	1546	6
199	303	1
499	1651	5
868	1651	2
356	1651	3
709	1651	1
444	4077	2
956	6232	1
510	6232	4
568	6232	2
604	12780	2
447	12780	4
396	6193	1
719	2843	5
392	2843	5
395	2843	3
890	2843	1
448	2843	1
416	1397	1
356	2805	2
233	2805	1
346	939	1
313	2662	1
327	2662	1
510	2662	1
601	2428	4
572	2043	4
453	2137	1
350	1945	2
565	1546	2
395	1546	2
322	922	3
619	922	1
343	1802	1
393	1802	1
293	1651	1
420	6232	2
473	6232	1
652	1541	2
338	1541	1
588	1541	2
323	1541	6
785	1541	1
311	1541	1
644	1541	1
558	1541	1
498	1541	2
343	1005	1
489	2356	1
523	2356	1
367	1228	1
521	1228	1
455	6193	1
437	6193	1
354	2843	3
419	2843	4
577	2843	3
504	750	1
402	555	2
64	295	1
408	1163	1
605	747	2
623	747	1
409	9044	9
924	9044	1
987	9044	1
859	9044	2
787	9044	1
320	9044	8
642	9044	2
757	9044	1
619	9044	4
373	9044	14
739	9044	4
658	9044	3
428	4326	2
511	4326	3
609	4326	1
518	4326	1
358	4326	2
512	4326	2
732	4326	1
408	4326	2
315	4326	4
217	402	1
370	564	1
923	1002	1
436	1002	2
501	1002	1
437	1002	1
414	1523	3
620	3865	2
370	2662	1
417	2428	11
661	2428	1
358	2043	4
453	2043	2
606	2190	1
504	2190	1
364	2224	1
628	681	1
530	3462	1
655	3462	1
475	3462	3
429	3462	2
434	3462	2
431	1546	2
679	12831	1
325	12831	1
486	12831	1
286	922	2
306	922	2
232	922	1
520	1651	5
438	6193	3
615	6193	2
853	2843	1
312	747	1
578	747	1
424	747	2
496	9044	3
666	9044	2
551	9044	6
842	9044	1
403	4326	2
375	549	2
437	1418	1
610	1418	1
605	1418	1
396	1002	1
370	838	2
380	1447	1
322	3119	1
460	3119	2
493	3119	1
705	5259	2
526	3987	1
337	3987	1
500	3987	2
671	3987	1
583	3987	2
418	3987	2
386	895	1
579	895	1
608	895	1
308	895	1
481	895	2
422	1207	1
506	1207	1
541	1784	1
671	1784	1
764	1784	1
522	2141	1
459	3472	1
396	4197	4
346	1246	1
532	1397	7
199	1044	1
157	1044	2
343	2805	1
316	3865	4
475	7365	1
421	2428	3
199	2428	1
452	2428	6
717	2428	2
263	2428	1
675	2428	2
779	2428	1
428	2428	3
349	2428	7
449	2428	4
707	2428	7
356	2428	7
548	2043	1
730	2043	1
502	2043	4
640	1546	1
353	1546	5
670	1546	1
424	1546	3
483	1546	4
507	1546	4
452	12831	2
579	12831	1
599	12831	4
2233	12831	2
2412	12831	1
382	12831	2
381	12831	3
389	922	2
326	922	1
733	1651	2
488	1651	4
699	1651	4
691	1651	1
742	9068	2
452	9068	1
449	9068	2
422	9068	1
416	6232	3
458	6232	1
283	6232	1
675	6232	1
896	6232	1
426	841	1
535	2356	1
583	2356	1
450	1206	4
459	6193	1
455	2843	4
533	2843	3
402	2843	3
373	2843	8
436	2843	7
796	2843	1
865	2843	1
602	2843	5
600	2843	1
301	2843	2
653	2843	3
570	1044	6
439	1765	1
583	1110	1
294	2043	1
599	2043	2
427	867	2
423	922	3
435	9068	1
438	1717	1
410	1163	1
340	747	4
529	9044	3
529	4326	2
588	4326	1
769	4326	2
330	4326	3
331	4326	4
262	402	1
452	549	2
337	494	3
433	2795	1
421	1002	1
284	838	2
449	3119	1
391	5259	2
786	5259	1
581	5259	1
650	3987	1
354	3987	3
325	3987	1
208	3987	1
486	895	1
626	1784	1
424	2141	1
523	2141	1
274	1246	1
473	1246	1
211	1397	1
522	1397	6
113	1044	3
276	1044	3
489	2805	3
420	2805	1
678	2124	2
278	2291	1
794	2428	2
287	2428	1
134	296	1
470	867	2
432	2083	1
294	12831	1
373	12831	1
505	922	1
611	922	1
296	1802	1
351	1651	6
761	1651	1
506	4077	2
371	6232	2
690	6232	2
697	6232	3
695	6232	1
381	6232	1
614	6232	1
496	6232	5
627	1541	2
749	1541	2
510	2509	2
282	690	1
748	6193	1
747	2843	1
571	2843	3
484	2843	7
272	555	1
497	1601	1
355	1601	2
392	1397	1
589	1044	2
503	1044	1
531	1044	1
763	1044	1
310	547	1
348	2805	1
372	2805	1
270	2805	1
419	2805	3
230	2805	1
359	2805	1
550	2805	2
408	1523	3
412	1523	1
432	1523	1
448	1523	2
334	1523	1
352	1523	2
401	455	1
261	369	3
602	2291	2
842	2291	1
374	2428	7
651	2428	1
360	2428	4
440	2428	6
780	2428	1
496	2428	6
725	2428	2
307	2428	9
371	2428	2
487	2428	7
728	2428	1
915	2428	1
856	1397	1
162	1044	1
355	1044	7
131	547	1
430	455	1
277	369	4
302	3865	2
365	939	2
310	939	1
579	1453	1
591	1453	2
422	2180	1
226	2180	1
304	2180	1
1797	2662	2
1970	2662	1
2170	2662	1
587	2662	2
417	1110	3
260	438	2
218	525	2
746	2428	1
626	2428	4
750	2428	1
897	2043	1
493	2043	2
444	2043	4
715	2043	1
610	2043	1
569	2043	4
710	2043	1
342	2083	3
443	1546	2
489	1546	3
597	1546	1
352	922	2
622	922	1
675	922	1
365	1003	2
489	1003	1
365	1651	6
369	1651	3
807	1651	1
315	4077	2
656	4077	1
619	6232	1
485	6232	1
323	6232	5
746	6232	1
638	1541	1
353	2512	2
376	2512	1
464	2648	2
680	2648	1
473	12780	2
387	12780	1
415	12780	1
357	2086	1
642	2086	2
284	2805	2
369	3865	1
455	3865	3
499	3865	1
326	2180	1
378	1110	1
456	1110	1
577	2428	2
506	2428	2
513	2428	4
353	2428	2
545	2428	8
730	2428	1
448	2428	4
323	2043	5
803	2043	2
600	2043	1
629	2043	5
343	922	4
340	1651	5
605	1651	3
545	1651	1
862	1651	2
587	1651	2
994	1651	1
585	1651	3
909	1651	1
706	1651	2
624	1651	3
622	1651	1
676	1651	6
844	1651	1
704	6232	1
366	6232	3
388	1541	2
626	1541	3
799	1541	1
617	1541	2
440	1541	6
277	1541	1
424	1541	2
507	1541	2
488	1541	1
344	1541	1
213	1397	1
269	1397	1
151	1044	1
827	1044	1
682	1044	1
118	547	1
498	2086	1
321	2805	1
292	3865	2
474	3865	3
296	2180	2
289	2180	1
457	2662	2
669	2662	1
511	2662	1
606	2428	4
517	2428	4
804	2428	1
379	2043	1
499	2043	1
519	2043	2
347	2043	1
384	517	1
495	1546	1
319	1546	2
627	1546	3
546	1546	2
544	1546	2
333	1651	5
173	1651	1
558	1651	2
788	1651	1
873	1651	1
778	1541	1
475	1541	1
553	2449	1
510	2449	3
533	2449	2
311	2449	1
240	370	1
319	455	1
428	6193	1
508	6193	1
639	6193	1
629	2843	1
725	2843	5
452	2843	2
298	2044	1
237	1044	7
112	1044	1
404	1044	3
621	1044	2
555	1044	2
824	1044	1
527	2805	2
405	939	1
302	2180	1
292	2180	2
299	2180	5
403	2662	1
412	1110	1
185	525	1
570	2043	2
403	1546	4
418	922	1
328	922	2
432	922	4
430	1651	10
651	6232	1
414	1541	2
395	1816	4
455	2509	3
313	2509	1
440	2509	1
303	2648	1
369	2356	1
361	2356	1
322	2356	2
459	2843	4
515	2843	7
493	2843	4
454	750	1
141	746	1
405	3865	1
342	2428	7
319	2428	2
623	2043	1
349	1546	3
286	4077	1
343	4077	1
369	9068	1
410	9068	3
387	387	5
573	2843	3
375	555	1
501	555	1
347	494	2
512	5259	1
421	5893	1
402	3987	2
556	3987	2
497	2141	1
228	1246	2
337	372	1
617	2043	3
491	1651	4
366	1651	3
607	1651	2
74	1941	1
204	4077	1
364	6232	4
286	6232	1
266	394	1
283	6193	1
487	6193	2
487	2843	4
608	2843	2
705	747	1
383	9044	3
680	9044	4
745	9044	1
702	9044	3
912	9044	1
760	9044	1
512	524	2
355	2467	1
576	4326	3
559	668	1
257	304	1
466	2408	1
427	2408	1
275	2408	1
361	967	1
391	967	1
816	3987	1
561	2141	1
238	1246	1
436	1246	1
521	1246	2
432	1246	1
487	1246	3
715	1246	2
849	5170	1
371	1397	1
481	1397	2
705	1397	1
435	939	3
421	2845	1
376	2845	1
309	2180	1
286	2662	1
390	2662	2
317	2662	2
339	2291	1
433	2291	2
344	2291	2
378	525	2
308	2428	7
648	2428	3
697	2428	3
437	2428	3
694	2043	2
719	2043	2
644	2043	3
769	2043	1
471	2043	3
361	760	2
625	760	1
320	3462	1
469	2083	1
352	1546	1
324	922	1
304	922	2
443	922	1
393	922	1
255	922	1
663	922	1
339	922	4
450	922	3
486	922	2
442	922	5
547	922	3
429	922	3
514	1651	4
454	1651	5
279	9068	1
515	6232	2
835	1541	1
301	1541	2
354	1541	1
265	1816	1
180	3865	6
284	3865	1
475	3865	2
334	2180	2
240	2180	1
860	2662	1
312	922	2
348	1802	1
350	1651	2
378	1651	3
639	6232	1
575	6232	1
435	1541	5
351	2843	3
631	2843	1
692	2843	3
305	555	1
617	1717	1
609	747	1
623	9044	2
813	9044	2
358	9044	9
908	4326	2
912	4326	1
348	4326	1
873	4326	1
632	4326	1
456	4326	1
710	4326	2
722	4326	1
620	4326	2
310	564	1
439	564	1
311	2795	1
577	1418	1
387	1002	2
300	1002	1
392	1002	1
212	5259	1
323	5893	2
1683	1727	1
786	967	1
722	967	2
317	2891	3
442	3987	2
698	3987	2
490	3987	3
1056	3987	4
436	3987	3
745	3987	2
441	3987	2
304	821	1
520	2249	1
624	2249	1
289	895	1
529	1784	1
521	1784	2
168	1397	1
583	1397	1
551	1044	2
659	2805	1
655	2805	1
375	3865	4
413	939	3
320	2662	7
277	525	1
802	2428	1
693	2428	1
571	2428	3
388	2043	5
375	2043	3
626	2043	2
368	2043	5
682	2043	1
598	2043	2
272	2043	1
446	2043	6
364	2043	10
402	2043	4
296	1546	1
303	1546	1
302	1546	2
400	922	2
524	922	1
371	1651	8
672	1651	4
635	1651	2
594	1651	1
363	9068	2
491	9068	5
584	9068	5
338	6232	1
783	6232	1
318	6232	1
317	6232	1
526	1541	1
623	1541	1
408	1541	3
313	2086	1
461	2805	1
332	2428	6
647	2428	2
750	2043	3
305	12780	1
588	12780	1
536	12780	2
680	2843	1
283	9044	3
628	9044	5
459	2194	1
536	5568	1
491	5568	2
616	2557	1
373	3119	1
413	5259	1
364	1332	2
345	967	1
418	967	1
280	3987	1
691	3987	2
941	3987	1
560	3987	1
399	3987	1
753	3987	2
874	3987	1
488	3987	1
239	1044	2
814	1044	1
422	3865	1
670	3865	1
282	2180	2
140	2662	1
561	2662	2
527	2043	1
350	2043	1
428	2043	4
447	867	1
527	681	1
563	1945	1
445	3462	3
671	1546	1
645	1546	3
515	1546	1
197	922	1
418	1651	4
500	1651	2
452	6232	4
831	1005	1
556	6193	1
480	2843	2
611	2843	5
801	2843	1
525	2843	2
538	2843	2
394	2843	1
718	2843	2
843	2843	1
349	2843	2
368	2843	6
310	2086	1
337	1717	1
666	729	1
440	2805	3
349	2805	1
380	3865	2
350	1453	1
411	2180	1
484	2662	1
402	2662	2
923	2428	1
536	2428	5
480	2043	5
215	573	3
338	573	1
342	1546	2
262	922	1
557	922	3
740	1651	3
541	1651	1
315	1651	6
379	1651	8
354	6232	2
368	1312	2
462	12780	2
480	12780	1
321	1206	1
401	2843	4
432	2843	4
490	2843	4
492	1601	1
616	9044	2
610	9044	6
634	9044	3
508	9044	9
560	2467	1
693	2467	1
567	4326	2
384	4326	2
246	4326	1
292	494	2
298	494	5
312	494	1
386	494	1
633	1044	1
560	3865	1
602	2428	2
489	2043	4
418	1546	6
508	1651	5
312	1651	1
483	1651	3
562	2843	1
248	1795	1
295	747	1
509	744	1
785	9044	1
465	4326	3
279	4326	1
402	402	2
346	494	1
461	1002	1
522	522	2
572	3119	2
402	3119	2
318	2011	1
428	2011	1
357	967	1
293	967	2
776	967	1
367	3987	1
587	3987	3
864	3987	1
202	3987	1
438	1352	1
292	2141	1
530	2141	1
487	2141	1
788	1246	1
433	1246	1
174	1044	4
318	2086	1
354	2805	1
388	2805	2
290	2805	1
460	3865	2
439	914	3
618	2428	2
469	3462	1
370	922	2
526	1802	1
328	1802	1
225	1651	1
402	1651	2
759	1651	1
324	6232	1
405	6232	1
487	6232	6
312	6232	2
554	1541	1
474	1541	2
311	2509	2
317	2509	1
457	1163	1
405	1163	2
687	747	1
479	747	1
682	9044	2
810	9044	1
797	9044	3
793	9044	1
639	5985	1
746	5985	1
663	4326	1
425	4326	2
410	5654	1
597	5654	1
315	5654	1
433	5654	1
800	5654	3
351	5654	1
521	5654	2
467	5654	3
196	668	1
320	838	4
419	4201	1
472	4201	1
417	1989	3
561	5259	1
566	5259	1
655	5259	1
479	5259	1
554	5259	1
645	5259	2
350	967	2
497	967	1
581	967	1
181	1044	3
560	1044	2
350	2086	1
547	2086	1
316	2805	1
300	2124	1
110	525	3
713	2043	1
358	1945	2
507	507	2
618	1651	2
798	1651	1
834	1651	2
577	1651	2
394	1651	4
671	1651	2
630	6232	4
367	6232	1
291	6232	1
648	1541	1
366	2843	2
845	2843	1
905	2843	2
596	747	1
668	747	1
328	747	1
659	747	2
291	9044	1
314	9044	8
955	9044	1
900	9044	1
676	9044	2
382	4326	1
659	4326	1
465	5654	1
350	2423	3
637	1002	1
388	3119	2
431	5259	1
474	2614	2
358	967	2
317	967	1
158	967	1
543	967	1
598	3987	1
529	3987	1
613	895	1
379	895	2
824	1246	1
167	1397	4
369	1397	1
494	1397	2
1016	2124	1
307	2662	2
312	2662	1
507	2428	4
788	2428	1
531	2428	4
472	2043	2
445	2043	5
540	2043	3
684	2043	2
314	2224	1
423	1308	1
319	2382	3
358	2382	1
728	2382	3
315	2382	1
459	867	1
365	1945	1
311	1945	1
440	1945	1
370	1546	3
384	1546	4
382	922	2
246	1397	1
326	1397	1
127	547	1
324	2124	2
305	1830	1
785	1830	1
354	906	1
369	939	4
360	2180	1
170	2180	1
438	438	1
580	2428	5
435	2428	1
848	2428	2
554	2428	6
641	2428	1
288	2428	1
437	2043	5
333	2043	6
776	2043	2
559	2043	4
512	2043	1
371	1945	1
371	922	2
523	1802	3
557	1802	2
436	1651	6
614	1651	2
376	1651	11
715	1651	1
501	1651	4
179	1651	1
416	4077	1
521	4077	1
422	4077	1
319	9068	2
383	9068	4
322	9068	2
505	9068	4
367	9068	3
394	9068	1
591	9068	4
771	6232	1
1009	6232	1
711	1397	1
432	1044	2
789	1044	3
571	1044	4
421	3865	3
2182	3865	2
411	2662	1
359	2428	3
326	2428	2
382	2043	5
351	2043	4
927	2043	1
551	2043	3
781	2043	1
387	2043	1
315	12831	1
450	12831	2
656	12831	1
395	12831	1
403	12831	1
8984	12831	3
386	922	2
438	1651	3
601	1651	1
777	1651	2
535	1651	7
559	1651	5
439	1651	2
410	1651	8
752	1651	2
553	1651	2
462	1651	9
981	1651	1
992	1651	1
571	4878	1
603	4077	2
677	4077	1
491	4077	1
619	4077	1
711	4077	1
350	9068	2
337	9068	1
370	9068	2
541	1541	2
837	1541	1
334	1541	1
825	1541	1
393	2449	1
565	1044	9
377	2124	1
343	3865	1
311	1453	1
447	1110	1
766	2428	1
380	3462	1
655	2083	1
109	573	2
534	1546	3
467	1546	4
516	922	1
531	922	1
565	1651	3
503	1651	3
587	1541	7
555	708	1
845	6193	1
810	2843	1
524	747	5
461	9044	2
586	4326	2
486	2012	1
583	2423	1
756	2423	1
525	3642	1
591	5182	1
476	2408	1
439	3119	2
303	3119	1
372	5259	4
646	5259	1
650	5259	2
568	5259	1
555	5259	2
488	5259	1
370	967	1
3271	3987	1
3113	3987	1
562	2141	1
397	2141	1
324	1246	2
394	1397	2
290	1044	4
100	1044	1
848	1044	1
651	1044	2
519	2124	1
290	914	1
578	1110	1
486	2428	2
408	2428	5
430	2428	2
616	2428	2
408	2043	5
592	2043	1
316	2043	4
419	2043	4
642	2043	2
607	2043	2
226	2043	1
521	2043	1
417	1546	2
451	1546	2
581	1546	1
480	1546	1
601	12831	1
503	12831	1
384	12831	1
331	922	2
614	922	1
586	922	1
558	922	1
281	1651	1
465	1651	3
397	1651	1
683	1651	1
416	1651	4
523	1651	4
362	1397	2
289	1044	3
339	2124	2
381	1830	1
575	3865	2
296	939	1
157	2662	1
477	2662	2
293	2662	1
726	2428	1
735	2428	2
431	2428	4
340	2043	9
463	2043	2
722	2043	1
134	2043	1
343	2043	2
420	2190	1
438	483	1
404	2382	1
363	681	1
419	1945	4
391	1945	2
959	1945	1
619	1945	2
514	1546	4
310	922	1
410	922	1
300	922	2
730	1651	2
316	1651	4
307	4077	1
540	6232	3
380	6232	3
521	6232	1
715	6232	1
530	6232	3
563	6232	2
310	2449	1
391	1312	2
472	12780	1
408	12780	1
289	2356	1
840	1044	1
424	3865	3
225	1110	1
470	2428	5
432	2428	2
740	2043	1
474	2043	2
885	2190	2
528	681	1
447	12831	1
346	922	4
406	922	3
294	1651	2
791	1651	1
710	1651	1
764	9068	1
403	1541	5
461	12780	1
326	12780	2
536	2356	1
551	2356	1
315	2356	2
217	2356	1
352	2356	2
689	2843	4
64	555	1
705	1163	1
773	1163	1
572	747	5
414	747	1
595	1397	1
215	1044	4
479	2124	1
403	939	1
543	2428	5
526	1945	1
428	1945	1
424	1945	2
295	611	2
542	9068	1
402	1541	1
702	12780	1
366	2044	1
561	747	1
481	747	3
444	555	1
347	575	1
505	1002	1
239	257	1
327	4201	1
518	4201	1
432	4201	1
346	5259	1
536	5259	1
147	967	1
372	3987	1
306	3987	2
460	3987	3
494	3987	1
280	3965	1
400	3965	2
438	3965	1
515	1246	1
373	1246	1
468	1246	1
338	1397	6
102	372	1
176	1044	3
107	1044	1
647	1044	1
829	1044	2
367	2805	1
158	3865	2
314	3865	5
1807	2662	2
1769	2662	2
480	2662	5
380	2662	2
697	2662	2
486	2043	3
322	368	4
236	856	1
411	867	1
441	867	1
486	2083	1
425	2083	2
355	1546	5
678	922	1
547	1651	3
758	1651	3
907	1651	1
573	1651	4
291	1651	2
389	1651	6
342	9068	3
481	9068	1
588	2449	1
118	372	1
576	1044	3
753	1044	2
725	1044	1
107	547	1
325	1523	1
869	939	1
307	2180	1
294	2662	2
375	2662	1
537	1110	2
361	3800	1
413	2428	8
372	2428	3
832	2428	1
598	2428	4
695	2428	2
714	2428	1
784	2428	2
661	2043	2
308	2043	1
591	2043	2
452	2043	1
461	2043	1
360	573	2
471	1546	1
441	1651	2
674	1651	1
332	9068	2
407	9068	2
326	9068	1
320	9068	1
426	9068	1
281	6232	1
391	12780	1
317	2356	1
450	2843	3
705	2843	5
596	2843	4
295	2843	1
493	1717	2
537	1717	2
211	1044	3
837	1044	1
362	547	1
337	2805	1
333	906	1
370	906	1
429	3865	2
473	3865	1
215	2180	1
341	3800	1
556	2428	9
318	2043	2
366	2043	6
330	2043	2
707	2043	2
397	2043	5
580	2224	1
377	922	3
589	1651	1
531	1651	1
560	1651	3
374	6232	1
352	12780	1
686	3591	1
291	3591	1
434	2843	3
505	2843	1
835	2843	1
607	2843	6
389	2843	4
352	2843	1
540	2843	8
438	2843	2
713	2843	3
563	2843	2
236	750	1
593	1717	1
456	1717	1
734	1717	1
311	1717	1
330	1717	1
594	1717	1
427	797	1
719	1397	1
120	1044	1
280	1044	2
740	1044	1
839	1044	2
750	1044	2
122	547	1
413	2805	1
491	2805	1
488	2805	1
595	1830	1
692	3865	2
432	939	1
900	2428	1
731	2428	1
462	2428	2
439	2448	1
481	3319	1
469	3319	1
487	2043	6
456	2043	5
577	2043	2
725	2043	1
289	3462	1
185	573	2
298	573	1
119	573	1
488	1546	1
466	1546	4
464	1546	1
269	1546	2
419	922	1
434	922	2
546	922	1
503	922	1
527	922	1
408	922	1
621	1651	1
507	4077	3
312	4077	2
426	6232	5
552	6232	2
685	6232	2
512	6232	4
679	6232	1
669	6232	3
319	1541	1
478	1541	2
410	1541	3
396	1541	1
436	1541	1
702	1541	1
456	1541	1
292	1541	1
555	1541	1
620	2449	1
931	2224	1
1297	2224	2
278	1044	1
384	2805	2
482	2805	1
361	2124	1
419	2124	1
419	1110	2
823	2428	1
703	2043	3
887	2043	1
634	2043	2
529	2043	1
685	2043	7
611	2043	5
677	2043	3
345	681	1
599	1945	2
449	1945	1
761	1945	1
420	3462	1
389	3462	1
362	922	3
501	6232	3
266	870	2
595	2843	1
753	2843	1
636	2843	1
522	750	1
327	1717	1
518	729	1
448	1163	1
518	747	1
379	9044	9
741	9044	2
389	643	1
682	4326	1
485	4326	2
525	4326	2
430	2423	2
350	402	1
481	543	1
318	549	1
420	564	1
384	1418	1
572	1002	1
325	1002	1
398	5182	1
628	5182	2
336	5568	1
379	1969	1
385	5259	1
629	5259	1
146	3987	1
1385	3987	1
393	895	1
287	1784	1
408	1246	1
320	1246	3
349	1246	1
666	1246	1
442	2180	1
492	2043	2
405	2083	1
452	2083	1
374	12831	1
491	2843	1
600	747	2
563	9044	2
693	4326	1
458	1002	2
269	838	1
551	2299	2
343	3119	1
318	5259	1
605	5893	2
592	3987	1
365	3987	1
527	3987	3
331	3987	1
382	1246	1
516	1246	1
455	1246	2
291	1246	1
293	1246	1
676	1246	1
265	1246	1
412	1397	1
414	1397	1
294	1397	2
183	1044	1
617	1044	2
490	3865	2
187	3865	1
490	490	3
613	2428	4
762	2428	1
624	2428	1
822	2428	1
611	2428	2
887	2428	1
225	2043	1
718	2043	2
423	2043	5
454	2043	7
390	2190	1
387	2190	1
677	2190	1
491	2190	1
696	2190	1
751	2190	2
366	2190	3
425	2190	1
687	2190	1
557	2190	2
298	1397	3
153	2086	2
408	2805	1
463	2805	1
467	1351	2
501	1351	1
391	1351	2
326	1351	2
773	2428	1
478	2428	3
818	2428	1
206	296	2
467	2043	6
281	2043	1
756	2043	1
509	2043	3
482	2043	6
306	3462	4
586	1546	3
574	1546	1
345	1546	6
535	1546	2
1034	12831	1
483	12831	1
482	12831	1
1743	12831	2
548	922	2
332	1003	2
526	6232	3
470	1541	2
357	1541	1
422	2512	2
378	1397	1
446	1397	2
277	1044	1
845	1044	1
447	2805	2
385	3865	2
310	3865	4
528	3865	4
684	3865	1
344	3865	1
374	3865	3
645	3865	1
167	246	1
222	246	1
394	2662	2
548	2662	4
308	2662	2
728	2662	1
400	2662	3
398	2662	1
595	2662	1
246	2428	1
815	2428	2
399	2043	3
787	2043	1
534	2043	3
742	2043	1
542	2043	3
655	2043	1
313	1945	1
382	1546	2
310	1546	3
323	1546	6
706	1546	1
294	1546	1
280	1546	1
431	922	1
108	1003	1
413	1003	2
577	9068	1
537	9068	1
306	6232	1
331	6232	1
450	6232	1
607	6232	4
334	6232	3
410	6232	1
730	1541	1
444	1541	1
61	605	1
194	661	1
108	108	1
365	12780	2
323	2356	2
720	2356	1
477	2356	2
310	1397	1
603	1397	1
348	1397	3
635	1044	1
534	1523	1
332	1523	4
322	3865	4
459	3865	1
859	939	1
476	1525	1
371	1453	1
354	2428	5
941	2428	1
605	2428	3
160	3319	1
274	2043	1
426	2043	3
466	681	1
469	681	2
227	611	4
607	2083	3
510	1546	3
519	1546	1
678	12831	1
531	12831	2
2619	12831	1
529	922	5
511	922	2
509	922	1
107	922	1
399	922	1
513	922	1
392	922	1
340	922	4
421	922	1
750	1651	1
399	1651	5
370	1651	10
766	6232	2
776	6232	1
395	12780	1
534	12780	1
309	12780	1
496	12780	2
299	568	1
378	2843	3
683	2843	2
690	2843	2
418	2843	1
828	2843	1
356	750	1
535	1601	1
545	1163	2
198	747	1
564	747	1
594	747	4
590	747	1
311	747	1
370	747	5
432	747	2
322	9044	12
401	9044	1
892	9044	1
725	9044	2
727	9044	2
675	9044	2
691	9044	4
326	9044	2
758	9044	1
812	9044	1
296	9044	5
141	9044	1
672	2023	1
279	319	1
259	1397	2
475	1397	2
255	1397	1
471	471	2
302	471	1
771	2428	2
335	2043	13
567	2043	1
438	2043	6
760	2043	1
441	3462	2
394	573	2
148	573	1
590	922	3
522	922	1
481	922	1
505	1651	2
628	1651	1
447	1651	3
620	6232	1
562	6232	1
424	6232	1
292	6232	1
304	1541	2
504	1541	1
538	1541	1
321	1312	1
490	2224	1
365	2224	1
437	2224	2
476	12780	2
801	6193	1
693	6193	1
728	6193	1
466	6193	1
361	6193	1
580	6193	1
343	2843	2
643	2843	1
745	2843	1
463	2843	2
543	2843	2
359	2843	3
736	2843	1
706	2843	2
652	2843	1
442	2843	5
321	2843	3
654	2843	3
688	2843	1
840	2843	1
519	2843	2
434	750	1
318	1717	2
831	1717	1
403	1163	1
486	1163	1
351	1163	1
642	1163	2
594	1163	3
559	1163	1
416	1163	1
338	1163	1
292	1397	2
194	1044	1
652	1044	1
337	906	1
336	622	1
471	622	1
371	3865	3
356	2662	2
366	2662	2
311	2428	2
386	2428	4
381	2043	2
386	1945	2
480	2083	2
423	2083	1
378	2083	2
283	2083	1
365	507	1
374	507	2
594	12831	2
417	922	1
470	922	1
487	1651	1
68	1651	1
377	6232	1
412	6232	3
379	6232	2
276	6232	1
433	1541	5
603	2224	1
585	6193	1
363	2124	1
343	570	1
873	2428	1
859	2428	1
399	6232	1
497	2356	1
613	2356	1
412	6193	3
649	2843	2
695	2843	2
320	750	2
361	1163	1
581	1163	1
305	1163	1
441	1163	1
593	1163	1
353	1766	1
301	747	2
311	9044	5
648	9044	4
166	9044	1
730	9044	2
699	9044	2
626	9044	1
364	9044	7
916	9044	1
402	9044	7
413	4326	1
336	4326	2
411	4326	2
359	4326	2
633	4326	3
654	4326	1
482	1108	1
355	1002	1
574	1002	1
547	4201	1
478	5259	2
600	5259	1
624	5259	1
522	2614	1
334	967	2
519	967	1
529	967	1
377	3987	3
589	3987	2
404	3987	4
586	3987	2
426	3987	1
571	3987	1
731	3987	1
793	3987	1
456	3987	1
102	814	1
463	3965	1
462	3965	1
666	2141	2
318	1246	1
306	1246	1
389	1246	1
562	1246	1
300	1246	1
535	1246	2
101	1044	1
297	2086	1
326	2805	1
457	2805	1
460	1110	3
539	2428	2
450	2043	4
586	1651	2
566	1651	4
297	4077	1
342	4077	1
433	2449	1
324	2509	1
385	2648	1
543	12780	2
783	2843	3
427	2843	2
535	747	2
137	555	1
672	4326	1
278	4326	1
530	4326	1
509	4326	1
362	4326	3
324	4326	4
297	4326	1
282	4326	1
304	5243	1
438	2423	1
501	2423	1
486	2423	2
398	494	4
297	1418	1
500	1002	1
1817	5568	1
246	2150	1
464	1227	1
425	4201	1
657	4201	1
350	3119	1
325	3119	1
370	3119	1
540	3119	1
738	5259	1
398	5259	1
546	5259	3
948	7440	1
540	7440	1
440	483	1
719	967	1
548	3987	2
601	1784	1
472	1784	1
350	2141	1
364	1246	3
327	1246	4
203	1246	1
531	1246	1
341	1246	1
440	1246	1
397	1246	2
536	1246	1
374	1246	1
768	1246	1
649	1246	3
315	1246	1
494	1246	3
230	1246	1
358	2805	1
350	2124	1
325	4198	1
394	939	2
324	2662	1
665	2428	2
384	2428	2
394	2043	2
779	2043	1
872	2043	1
545	2043	3
734	2043	1
326	1546	4
456	1546	1
295	1546	3
727	1546	1
362	12831	2
697	12831	3
380	12831	1
501	922	1
460	922	3
574	1651	1
546	1651	2
615	1651	1
645	1651	2
457	1651	3
893	1651	1
526	1651	4
630	1651	1
322	2965	1
375	2965	1
298	2965	1
309	9068	2
388	9068	2
455	6232	1
516	6232	1
466	6232	1
610	6232	1
257	1397	1
222	1044	3
302	367	1
664	2124	1
550	3865	2
882	939	1
436	2662	1
394	1110	1
551	2428	2
286	2428	1
947	2428	1
488	2428	3
553	2428	3
427	2043	1
503	2043	1
345	2224	1
337	2137	1
399	3462	2
361	3462	2
353	3462	1
502	3462	2
564	1546	2
423	1802	1
342	6232	1
599	6232	1
392	6232	5
581	1541	1
283	1541	1
523	12780	1
429	12780	1
413	12780	3
698	12780	2
537	6193	1
617	2843	1
779	2843	4
361	1601	1
574	747	2
491	747	1
480	747	2
268	555	1
559	9044	4
693	9044	3
562	2467	1
401	2467	1
930	4326	1
513	4326	1
337	4326	4
490	2423	1
299	1108	1
298	838	2
307	2408	2
432	2408	1
559	1397	1
794	1044	1
529	2805	1
403	3865	3
381	2180	1
256	2428	1
574	2428	2
456	1945	2
565	3462	1
345	3462	1
715	1546	1
429	1546	2
388	1546	1
646	12831	1
454	12831	1
515	12831	2
336	922	2
321	1651	2
325	1651	2
714	1651	1
717	1651	1
159	6232	1
447	6232	5
408	870	2
310	6193	2
538	555	1
325	1293	2
175	1293	1
406	1293	2
418	1293	2
689	747	2
516	9044	9
643	9044	7
469	2467	1
288	1397	1
580	1397	1
551	1397	1
128	1044	4
667	1044	1
760	1044	1
422	2805	3
296	514	1
328	4198	2
598	4198	1
329	3865	1
463	914	1
101	107	1
505	7365	1
325	7365	1
431	2180	2
328	2180	2
289	2662	1
263	3800	1
434	2428	3
867	2428	2
819	2428	2
296	296	4
447	2043	1
922	2043	1
392	2043	2
309	2043	3
663	2043	1
701	2043	4
279	2043	1
824	2043	1
518	2190	2
540	2190	1
262	867	1
515	2805	1
347	2805	1
84	103	1
404	3865	1
364	3865	2
350	3865	1
382	3865	3
642	2180	1
388	2662	2
524	2428	1
419	2428	5
847	2428	1
305	2428	2
587	818	1
344	2043	2
356	2043	2
246	624	2
341	1546	7
698	1546	1
564	12831	2
570	12831	1
388	12831	2
606	922	1
415	922	3
402	1802	1
297	1651	1
496	1651	1
493	9068	1
303	1541	1
362	2636	1
499	2843	2
619	2843	2
530	1601	1
576	1717	2
372	1717	2
336	797	1
407	747	1
637	9044	1
749	9044	1
800	9044	1
577	9044	7
541	9044	5
548	9044	5
540	4326	3
678	4326	2
435	4326	2
185	5579	1
330	5579	1
312	2423	1
519	2423	1
806	2423	1
626	3642	1
362	838	3
535	5182	3
507	5182	1
432	814	1
261	721	1
396	1523	1
359	906	1
821	3865	1
282	2428	1
654	2043	3
457	2043	3
379	760	1
548	1945	1
281	1546	2
337	12831	1
512	9068	1
409	1541	2
346	1541	1
354	6193	1
300	6193	2
465	6193	1
424	6193	2
332	6193	1
291	2154	1
530	2154	1
290	2843	4
435	2843	1
445	2843	4
128	2843	1
346	2843	2
769	2843	1
349	746	1
745	747	1
300	744	1
277	9044	1
746	9044	4
1005	9044	1
709	9044	3
894	9044	1
1053	9044	1
849	9044	1
623	2467	2
457	4326	1
583	4326	1
653	4326	2
421	4326	1
470	4326	1
757	4326	1
385	4326	2
529	5654	1
305	2423	1
418	2423	2
741	1397	1
399	2805	5
365	2805	1
473	2805	3
615	3217	1
360	3217	1
548	728	1
378	939	1
483	939	1
485	2180	1
360	2662	5
513	2662	1
421	2662	1
494	2662	1
322	2662	3
596	2662	1
684	2662	1
527	2662	1
871	2662	1
2597	2662	1
351	2291	1
652	2428	3
967	2428	1
455	2428	3
919	2428	1
623	2428	3
645	2428	2
371	2043	3
466	2043	1
593	2043	2
653	2043	2
900	2043	1
483	2043	2
741	2043	2
401	2043	1
442	2382	2
595	2382	1
641	3462	1
751	3462	1
483	3462	1
327	3462	3
879	3462	1
328	1397	4
471	1397	3
287	1397	1
315	1523	1
541	2124	1
601	3865	1
146	2180	1
162	2043	1
419	867	1
576	1546	3
333	1546	3
469	1546	1
530	1546	1
934	1651	1
322	4878	1
270	4878	1
450	9068	3
400	841	2
455	455	1
379	2843	3
336	2843	2
256	457	1
706	1389	1
548	747	1
320	747	2
391	9044	2
576	9044	1
420	524	1
479	2467	1
557	4326	1
384	5654	1
215	402	1
315	402	2
447	1002	1
384	1002	2
168	838	1
413	5568	1
230	1044	2
274	1044	3
115	1044	1
511	1044	1
109	547	2
319	1523	1
544	1523	1
753	1523	1
360	1523	1
538	1523	1
283	1523	1
756	1523	1
422	2124	1
336	939	3
338	914	2
303	914	1
1574	2662	1
1440	2662	1
1596	2662	2
292	2662	1
584	2662	1
624	2662	1
670	2662	2
737	2428	2
686	2428	1
614	2428	1
797	2428	1
378	2428	2
295	2043	1
500	2043	1
447	2190	2
1350	2190	1
1220	2190	1
555	867	1
378	681	1
349	1945	2
383	1945	2
409	1945	2
429	1945	1
749	3462	1
496	3462	1
582	3462	1
612	3462	1
316	3462	4
307	1546	5
588	1546	1
476	922	1
245	1651	1
680	1651	1
854	1651	1
716	1651	1
597	1651	3
844	1044	1
378	3865	1
297	525	2
393	525	2
636	2428	3
531	1945	1
619	1546	1
311	6232	3
443	1541	2
475	12780	1
662	2356	1
349	2356	4
380	747	4
601	9044	1
370	4326	4
572	4326	1
196	402	1
370	1002	2
242	1002	1
664	1227	2
734	5893	1
801	2891	2
575	3987	1
393	3987	2
525	3987	1
363	3987	1
361	3987	2
276	895	1
297	895	1
399	4197	2
582	4197	3
759	1246	1
442	4326	2
723	3987	1
312	1397	2
521	570	1
116	570	1
313	570	1
318	2180	2
377	2043	4
440	867	1
415	1546	3
877	1541	1
348	2843	1
820	2843	1
406	2843	5
646	2843	1
574	2843	1
579	1601	1
785	1163	1
781	1163	1
533	1163	1
481	1163	1
437	1163	1
414	1163	1
332	747	1
672	9044	1
694	4326	2
346	4326	1
334	4326	3
601	4326	2
477	5654	1
329	5654	1
504	5654	1
512	5654	2
723	5654	1
360	5654	1
312	5654	2
448	5654	1
328	5654	2
393	5654	4
454	5654	1
293	5654	1
313	543	1
340	1108	1
262	2194	1
610	1002	1
365	1002	1
423	1002	1
346	838	1
310	310	1
468	4201	1
592	4201	1
351	4201	2
513	4201	1
322	4201	1
426	4201	1
490	3119	1
625	3119	1
432	3119	1
723	5259	1
354	5259	1
560	5259	1
578	5259	2
485	5259	3
299	967	1
530	967	1
578	967	1
584	967	1
272	3987	3
477	3987	3
662	3987	1
422	3987	2
416	3987	1
284	3987	1
345	3987	1
717	3987	1
707	3987	1
420	3987	3
615	3987	1
790	3987	1
391	3987	3
802	3987	1
687	3987	1
485	3987	2
501	3987	2
566	3987	1
543	3987	1
739	3987	1
510	3987	1
299	3987	1
539	895	2
285	430	2
845	1784	1
492	2141	1
347	2141	1
620	2141	1
703	2141	1
758	2141	1
376	2141	1
837	2141	1
343	1246	2
495	1246	1
582	1246	1
607	1246	1
563	1246	1
280	1246	2
426	1546	3
318	2509	1
471	1601	1
585	5985	1
513	2467	2
405	1002	2
315	838	1
347	2150	1
472	1332	1
326	2614	1
409	2891	1
547	3987	2
375	1397	1
281	1044	1
757	1044	1
139	547	2
306	547	1
335	2805	1
327	1523	1
442	1523	1
573	1523	1
304	4198	1
443	3865	1
367	3865	2
504	3865	1
425	3865	3
514	3865	1
796	3865	1
327	3865	2
457	3865	1
648	3865	2
413	3865	2
472	939	2
357	939	1
309	7365	1
578	7365	1
332	2662	2
844	2662	2
720	2662	1
496	3189	1
522	3189	1
475	3189	3
525	3189	1
581	3189	1
563	3189	1
674	2428	4
753	2428	1
702	2043	1
398	2043	1
944	2043	1
735	2043	1
561	2190	1
456	681	1
606	1945	1
624	1945	1
346	1945	1
489	1945	2
402	1945	2
528	3462	2
405	3462	1
344	3462	2
477	3462	1
152	611	1
140	611	1
311	2083	3
329	2083	1
348	2083	1
632	2083	1
385	1546	2
335	1546	2
600	1546	2
688	1546	1
391	12831	1
365	12831	1
674	12831	1
303	12831	1
508	12831	1
220	1044	3
260	1044	2
400	1044	2
564	1044	1
543	1044	1
337	2124	1
687	3865	1
118	681	1
844	3462	1
493	3462	1
422	3462	2
616	3462	1
348	1546	2
607	1546	1
265	1546	1
488	12831	1
494	922	4
330	922	4
549	922	1
530	1802	1
319	4077	1
346	6232	2
419	6232	1
705	6232	2
816	6232	1
656	6232	2
531	6232	1
588	6232	2
479	6232	1
602	2449	1
330	6193	1
413	6193	1
624	2843	2
343	750	1
119	555	1
185	185	2
606	747	4
712	747	1
571	747	1
312	9044	8
753	9044	1
511	9044	3
611	9044	2
772	4326	1
515	4326	1
440	4326	2
321	5579	2
624	5579	1
637	5579	1
540	2423	1
692	2423	1
533	2423	3
306	402	1
454	3642	1
372	1397	2
368	1397	1
740	1397	1
245	1044	2
501	3865	2
589	3865	4
618	3865	2
491	2662	1
2028	2662	1
543	2662	1
2254	2662	1
411	1110	2
358	2291	2
439	2043	1
647	2043	1
641	2043	1
884	2043	1
650	2043	2
149	867	1
176	282	2
678	1546	2
96	490	1
337	922	1
587	922	1
666	922	1
521	1802	1
578	1651	2
537	1651	2
806	1651	1
1555	1651	1
374	9068	1
846	6232	1
664	1541	1
731	1541	1
661	1541	1
513	2449	1
509	2509	1
710	12780	1
575	12780	2
598	12780	1
569	12780	1
414	2843	2
859	2843	2
942	2843	1
449	2843	2
811	2843	1
565	2843	2
553	921	1
348	729	2
327	747	1
554	747	1
583	747	1
382	747	3
570	9044	1
587	9044	2
539	9044	4
864	9044	1
407	9044	6
580	9044	5
419	9044	4
827	9044	2
315	2467	1
648	2467	2
605	4326	1
626	4326	1
453	4326	4
464	4326	1
521	4326	1
401	4326	2
642	4326	2
198	4326	1
548	4326	2
866	4326	1
338	4326	1
443	1397	1
118	1044	2
406	1044	10
421	1044	1
738	1044	1
778	1044	1
329	743	1
442	3865	2
361	939	1
405	2662	2
526	2428	3
579	2428	1
843	2428	1
660	2428	1
643	2043	3
359	2043	3
535	2043	2
1453	2190	1
750	1945	1
365	1546	3
545	1546	2
377	12831	3
563	922	1
559	922	1
297	922	1
415	1802	1
480	1802	1
411	1802	2
539	1651	4
461	1651	4
664	1651	2
899	1651	1
689	1651	2
661	1651	1
544	1651	1
1201	1651	1
707	1541	1
287	1816	1
705	2043	1
542	747	1
480	9044	3
485	9044	5
341	4201	1
637	2891	1
580	3987	1
295	1397	1
355	2180	1
489	2428	2
307	760	4
448	760	1
333	681	1
423	1541	1
93	2449	1
359	12780	1
364	12780	2
588	2356	1
449	6193	1
637	6193	1
391	1247	1
393	1247	1
727	2843	1
309	2843	2
717	2843	1
330	3270	1
422	1795	1
338	1795	1
469	1717	1
893	9044	1
487	4326	1
587	4326	2
394	2423	1
204	402	1
439	1002	1
512	1002	1
511	1002	1
417	1397	2
479	4198	1
571	4198	2
580	4198	1
652	4198	1
592	4198	1
390	3865	1
246	246	1
424	2662	1
441	2662	2
304	2428	1
359	1945	6
376	1546	2
314	922	2
652	922	1
735	922	1
491	922	2
533	922	1
243	483	1
646	1802	1
392	1651	5
346	1651	6
276	1651	1
646	6232	1
354	1005	1
351	2366	4
590	2366	1
739	955	1
665	12780	1
725	2356	1
427	2356	1
713	2356	1
329	690	1
501	2843	3
508	2843	3
588	2843	3
656	2843	2
819	2843	1
211	2843	1
638	921	2
244	322	3
401	1397	1
751	1044	1
396	4198	1
354	2845	1
747	2662	1
738	2662	2
2468	2662	1
541	2662	1
147	2428	1
676	2428	2
301	2428	2
874	2428	2
653	3319	1
401	1945	1
355	1945	2
606	1546	1
498	12831	1
437	922	2
360	1651	6
704	1651	1
705	1651	2
550	1651	1
543	2965	1
340	4077	2
339	9068	2
518	9068	1
383	6232	2
525	6232	2
276	661	1
449	2509	1
632	2509	2
339	455	1
312	1206	1
345	2843	1
106	750	1
621	750	1
555	555	4
411	1601	1
385	2044	1
325	2044	1
726	1163	1
123	1044	1
842	1044	2
352	2086	1
320	2086	2
338	2805	1
426	2805	1
343	1523	1
510	3865	1
389	914	2
214	2662	1
716	2662	1
384	1110	3
332	525	2
226	2428	3
942	2428	1
298	661	1
395	681	1
561	1945	1
781	1945	1
347	2083	1
426	507	1
433	507	1
190	507	3
452	1546	3
346	1546	1
420	1546	4
525	1546	1
368	922	3
499	4077	1
773	6232	1
395	6232	7
310	1541	1
291	1397	2
142	1044	1
379	3865	1
530	2662	1
412	2662	2
459	2662	1
563	2662	1
746	2043	2
783	2043	2
674	2043	2
311	2190	1
431	867	1
336	1945	1
538	1945	1
610	1945	1
444	1546	2
717	1546	2
460	1546	3
453	12831	1
495	12831	5
348	12831	1
394	922	1
477	1651	2
562	1651	2
298	6232	1
743	6232	1
472	6232	1
266	1672	1
335	12780	2
397	2356	2
510	2356	1
461	2843	1
663	2843	3
866	2843	1
300	2843	2
446	2843	1
101	372	1
147	1044	1
693	1044	1
620	1044	2
287	547	1
355	1058	5
359	1058	1
354	1523	1
285	1523	1
802	1523	1
395	3865	2
406	3865	1
332	3865	2
663	3865	1
342	3865	1
683	3865	3
540	3865	2
624	3865	1
279	2662	1
418	2662	1
712	2662	3
202	1110	1
425	5045	2
383	3800	1
751	2428	1
723	2428	1
578	2428	1
863	2428	1
459	2428	2
828	2428	1
795	2428	2
756	2428	1
940	2428	1
318	2428	2
869	2428	1
747	2428	1
617	2428	1
384	1853	1
454	1853	3
379	1853	1
521	3319	1
671	3319	1
661	3319	1
936	3319	1
536	2043	4
639	2043	1
476	2043	5
475	2043	1
796	2043	1
1164	2043	2
827	2043	1
220	988	1
342	988	2
425	988	1
555	988	1
400	760	2
311	2382	1
853	1546	1
423	12831	1
708	12831	2
342	12831	1
702	12831	2
406	12831	1
392	12831	1
647	12831	1
707	1651	2
424	1651	3
289	2449	1
221	2512	1
229	2512	1
260	2512	1
318	2512	1
189	2512	1
437	2512	1
369	2512	1
351	2512	1
349	2512	1
582	2512	2
581	2512	1
310	2512	1
469	2512	1
612	2512	1
569	2512	1
427	2512	1
390	2356	1
372	2356	1
355	2356	2
737	2356	1
772	2843	3
804	2843	1
686	2843	1
388	2843	2
591	2843	3
639	2843	1
694	2843	3
904	2843	1
489	2843	1
591	1717	1
409	1717	1
891	1717	1
496	1163	1
543	1163	2
390	1163	2
435	1163	1
356	1163	2
732	1163	1
324	1163	1
25	1397	1
320	1397	1
318	1397	3
841	1044	2
466	1523	2
658	2428	1
648	3462	1
532	3462	2
318	3462	1
121	573	1
214	517	2
309	1546	2
578	1546	3
838	1546	1
560	922	3
841	922	1
162	1003	1
582	1651	4
748	1651	1
629	1651	1
881	1651	1
349	4077	1
490	4077	2
263	2449	1
306	649	1
303	12780	1
455	12780	3
515	12780	1
636	12780	2
531	12780	2
339	12780	2
396	12780	2
393	12780	1
499	12780	1
581	12780	4
563	12780	2
351	12780	1
306	12780	1
397	12780	1
512	12780	1
360	12780	1
440	12780	1
407	12780	1
331	12780	2
361	12780	3
362	3591	1
576	6193	1
457	6193	2
536	2843	2
738	2843	1
710	2843	2
512	2843	3
308	2843	1
668	2843	3
774	2843	1
303	575	1
301	575	1
348	750	1
565	1601	1
313	1601	3
414	2180	1
431	1110	1
850	2428	1
366	2382	1
760	922	1
534	2509	1
272	870	1
700	2843	1
313	750	1
539	747	1
810	4326	1
279	549	1
391	1002	1
266	1002	1
678	5259	1
393	967	1
1061	3987	2
291	1708	1
392	895	1
479	895	1
528	895	1
698	2364	1
525	1784	1
353	1397	3
310	1095	2
333	4198	1
361	3865	4
376	2180	1
351	2662	1
287	2043	1
714	1546	1
520	1546	2
298	12831	1
592	12831	2
618	12831	1
333	12831	1
443	12831	1
735	12831	1
425	12831	1
463	12831	2
898	12831	1
455	12831	1
495	922	1
361	1651	1
385	1651	1
567	1651	2
264	1651	1
442	4077	2
336	4077	1
678	4077	1
478	6232	2
434	6232	1
557	1044	1
631	1044	1
202	2180	1
570	2428	1
342	2043	3
532	1546	1
448	1546	2
372	12831	1
648	1651	2
626	4077	2
422	6232	1
603	6193	1
383	6193	2
463	555	3
324	746	1
225	9044	1
605	9044	4
960	9044	1
560	4326	1
468	4326	1
170	4326	1
197	213	1
217	869	2
207	668	1
402	1002	1
63	774	1
439	1227	1
316	2408	1
548	3119	1
328	3119	1
367	1332	2
641	1332	1
451	1332	1
307	967	1
552	967	1
397	3987	1
388	3987	1
348	3987	1
925	3987	1
613	3987	2
531	3987	1
296	3965	1
582	2141	1
687	2141	1
386	2141	1
403	2141	1
351	4197	2
361	5170	1
443	5170	1
175	1397	1
186	1044	4
442	1558	2
221	939	1
452	2137	4
377	2137	2
338	2137	1
561	2137	1
334	2137	2
343	1945	3
341	1945	1
229	3462	2
370	3462	1
659	3462	1
309	331	1
858	1546	1
442	1546	6
278	1651	1
884	1651	1
467	1651	3
356	9068	1
752	1541	1
505	2449	4
398	2449	1
344	2449	1
459	2449	1
111	3270	1
292	2086	2
826	921	1
249	1044	1
309	939	1
658	6232	2
335	340	1
470	2356	1
856	2843	2
567	2843	3
637	2843	2
672	2843	3
444	750	1
153	747	1
372	747	1
786	9044	2
334	9044	1
713	9044	3
657	9044	1
663	9044	4
673	9044	2
394	9044	3
445	4326	2
552	4326	4
377	4326	2
731	4326	1
733	4326	1
398	4326	1
335	4326	3
842	4326	2
523	4326	1
471	4326	2
600	4326	6
294	4326	1
321	4326	2
345	575	1
251	575	2
403	2060	1
428	2180	1
658	2043	2
414	2043	5
882	1651	1
625	1651	1
327	9068	1
511	12780	2
318	2843	1
575	2843	3
454	555	1
841	9044	2
438	2012	1
317	1002	1
263	838	1
286	838	1
199	838	2
561	3119	1
342	3119	1
376	3119	1
332	5259	1
762	5259	1
376	5259	1
446	5259	1
319	967	1
407	967	1
347	2891	1
358	3987	2
541	3987	1
785	3987	1
411	3987	1
532	3987	2
322	3987	2
412	3987	1
432	3965	1
408	2141	7
514	1246	3
209	1044	1
552	1044	1
302	2805	1
418	1523	1
289	3865	1
337	2662	1
1570	2662	1
677	2662	1
400	2043	2
672	2043	1
310	2043	3
190	1044	1
826	1044	3
777	1044	1
671	1044	1
834	1044	2
367	367	1
243	367	2
420	1523	3
403	1523	1
429	1523	2
198	415	2
244	337	2
401	914	2
551	708	1
404	708	2
402	708	3
439	708	2
365	2180	2
390	1110	7
458	1110	2
334	1110	3
346	1110	1
371	1110	1
403	1110	2
434	1110	1
480	1110	1
436	1110	1
441	1110	1
614	1110	1
470	1110	1
498	1110	2
820	1110	1
646	1110	1
503	1110	3
342	1110	1
553	1110	1
615	1110	1
299	2291	1
24	525	2
180	2428	1
389	2428	2
512	2428	6
278	2428	1
428	1397	2
199	1397	1
398	3865	1
490	2662	1
701	1546	1
570	1651	3
320	6232	2
579	6232	1
333	1541	2
400	1541	1
328	2449	1
538	2509	1
378	568	2
657	2843	2
426	2843	1
330	664	1
398	1717	1
323	747	1
285	9044	1
805	9044	2
655	9044	1
144	9044	1
783	9044	1
839	9044	1
170	319	1
680	2467	1
383	2467	2
763	4326	1
333	4326	2
531	2423	1
431	2423	2
326	402	1
521	549	1
339	1002	2
137	838	1
295	2150	1
471	2408	1
584	752	1
355	3119	1
427	3119	1
463	3119	2
378	5259	2
271	1397	2
275	1044	1
129	547	2
375	2805	1
498	2805	1
387	1523	1
473	1523	2
520	1523	1
469	2662	5
694	2662	1
750	2662	1
419	2382	1
506	2382	1
566	1945	1
446	1546	1
623	1546	1
331	12831	2
433	6232	1
662	2449	1
346	661	1
99	661	1
308	12780	1
337	2356	1
494	2843	4
529	2843	1
580	2843	1
739	2843	1
451	750	1
464	1163	1
578	1163	1
373	1163	1
433	1163	3
444	1163	1
351	747	1
344	555	1
544	9044	4
366	2023	2
595	4326	1
860	4326	2
531	4326	2
469	4326	2
299	5654	1
438	5579	1
135	213	1
812	2423	1
284	1804	1
400	939	1
293	2180	2
329	2662	2
321	1110	2
422	2043	3
839	3462	1
614	1546	1
772	1546	1
497	9068	1
684	6232	5
240	2512	2
319	370	1
305	1601	2
331	961	1
698	9044	2
811	9044	1
659	9044	4
378	4326	5
274	4326	1
824	4326	1
668	4326	1
580	4326	1
395	549	1
477	549	2
430	549	1
331	549	1
404	549	2
274	549	1
323	549	2
396	549	1
330	549	1
442	549	1
438	564	1
434	564	1
375	564	1
494	2194	1
559	2194	1
476	1002	1
310	838	1
373	5182	1
372	5182	1
312	4201	1
332	4201	2
534	2408	1
661	2408	2
456	3119	1
283	3119	1
170	1044	1
487	1044	1
833	1044	1
586	1044	2
632	12831	1
522	12831	1
323	12780	1
488	3591	2
342	3591	1
680	2356	1
402	6193	2
543	6193	1
488	2843	1
711	2843	1
471	2843	2
532	2843	2
467	2843	1
649	9044	1
861	9044	1
782	9044	1
231	9044	1
524	524	2
426	4326	2
412	4326	2
383	5654	1
653	5654	1
591	5654	1
537	5654	1
454	2423	1
411	2423	1
305	668	1
597	3642	2
437	4201	1
406	4201	1
613	5259	1
364	483	1
430	3987	1
324	3987	1
504	3987	2
705	3987	1
492	3987	1
900	3987	1
1584	3987	1
443	3987	1
373	3987	1
432	3987	1
284	1246	1
530	1397	3
128	372	1
781	1044	1
398	2805	1
388	906	1
558	3865	1
783	2662	1
1367	2662	1
678	2662	1
319	2662	3
803	2428	1
223	296	1
64	296	1
280	2137	1
392	2137	1
222	3462	1
626	922	1
405	922	2
752	922	1
253	1003	2
358	1003	1
309	1651	3
474	1651	3
381	1651	2
697	1651	3
207	1651	1
747	1651	2
593	6232	2
275	1397	1
806	1044	1
441	3865	1
308	1453	2
135	2180	2
288	2662	1
461	2662	2
667	2662	1
331	483	2
515	922	1
309	2449	1
407	2449	4
366	2449	1
378	1005	1
367	1005	1
577	12780	1
593	12780	1
315	6193	1
196	2843	1
735	2843	1
702	2843	1
440	3270	2
540	729	1
512	747	3
579	747	1
563	747	1
200	1258	2
520	744	2
622	744	1
356	744	2
533	9044	3
294	9044	1
937	9044	2
565	9044	1
360	9044	1
762	9044	1
732	9044	2
835	9044	1
316	524	3
419	2467	1
527	4326	1
472	4326	2
389	4326	3
650	4326	1
342	4326	4
562	4326	1
618	4326	1
463	4326	1
744	4326	2
627	4326	1
292	4326	2
452	4326	4
371	4198	1
508	2428	2
726	2043	2
363	2043	2
325	681	1
370	4077	1
581	6232	1
646	1541	1
397	2509	1
396	811	1
304	2843	1
823	2843	1
288	9044	1
206	9044	1
735	9044	1
820	9044	2
736	9044	3
582	9044	4
472	9044	4
381	9044	4
395	9044	1
620	9044	2
632	9044	1
344	4326	2
679	4326	1
351	4326	2
754	4326	1
729	4326	3
598	4326	1
711	5243	1
335	1002	2
364	1807	1
483	1807	1
548	1807	1
764	1807	1
438	3119	1
390	3119	1
352	5259	3
516	967	1
710	967	1
491	1397	3
462	1044	1
96	547	2
298	1523	3
331	939	1
614	3189	1
644	3189	1
763	2428	1
393	2428	1
94	296	1
369	661	1
465	2043	4
800	2043	2
728	2043	1
576	2043	4
442	681	1
388	3462	2
350	1546	2
587	1546	1
325	1546	6
833	1546	1
498	1546	2
697	1546	2
449	922	2
469	922	2
320	922	1
332	922	1
688	1651	1
633	1651	1
557	1651	3
486	1945	1
928	4326	1
687	1246	1
325	2805	1
432	3865	1
600	2662	1
131	296	2
441	2043	1
389	1945	1
566	6232	1
347	6232	1
461	6232	2
353	6232	1
401	729	1
381	1163	1
454	747	2
638	9044	3
549	9044	3
635	9044	3
582	4326	1
386	4326	2
370	9629	1
257	838	1
436	5182	1
444	5182	1
849	3119	1
441	3119	1
402	5259	2
394	5259	1
518	5259	2
559	5259	1
603	5259	1
458	2219	1
398	967	1
517	967	1
338	3987	1
465	3987	3
428	3987	2
669	3987	1
522	3987	1
735	3987	1
643	3987	1
300	3965	1
841	1397	1
419	1044	1
288	3865	1
479	3865	2
336	3865	1
181	2662	1
538	2043	2
789	2043	1
269	1651	1
330	6232	1
336	2512	1
469	2843	1
558	2843	1
388	1601	1
463	747	1
473	747	1
788	9044	1
287	9044	1
348	2023	1
897	2023	1
607	4326	2
651	4326	1
506	4326	2
627	1002	1
432	5182	1
341	5568	1
311	1257	1
509	4201	1
410	3119	1
528	1332	1
473	483	1
256	967	1
538	967	1
362	2891	1
466	2891	1
370	1397	2
246	1044	1
387	1044	2
487	547	1
432	2805	2
352	2805	1
489	2124	1
179	939	1
592	914	1
722	2428	1
708	2043	3
767	2043	1
200	2043	1
269	358	1
246	358	1
618	1945	1
453	1546	2
561	1546	1
504	922	2
530	922	2
680	922	1
647	922	1
429	1003	1
175	1651	1
769	1651	1
554	1651	1
516	4077	1
386	6232	1
333	6232	1
337	6232	1
885	6232	1
547	6232	1
661	6232	1
691	6232	1
985	6232	1
372	6232	1
397	1541	1
521	2509	1
430	12780	2
627	12780	1
490	12780	1
611	12780	2
576	12780	1
693	12780	1
682	12780	1
802	12780	1
386	12780	4
427	12780	2
392	12780	1
526	12780	2
507	12780	2
437	1651	2
351	1246	1
507	1246	1
451	2805	1
364	2180	1
381	2662	1
450	3800	1
874	2043	1
431	681	1
603	681	1
435	681	1
514	1945	1
467	922	1
394	1802	1
355	1802	1
610	1651	1
809	1651	1
426	1651	2
538	811	1
519	12780	1
286	12780	1
395	6193	1
338	6193	1
560	9044	1
762	4326	1
350	494	1
553	1418	1
335	1418	2
584	1418	1
335	5182	1
110	304	1
305	1227	1
671	1152	1
334	1989	1
566	1989	1
393	1989	1
457	1989	2
552	3119	3
400	1332	1
344	1332	3
335	5893	2
433	5893	1
458	2614	1
465	967	1
682	967	1
686	3987	1
328	3987	1
585	3987	1
470	3987	3
353	895	1
261	543	1
498	1246	1
524	1397	5
329	2805	2
468	939	1
827	939	1
835	2662	1
349	2043	1
611	1945	1
526	1546	1
277	870	1
495	2843	1
570	747	1
726	9044	2
855	9044	2
655	4326	1
628	4326	1
801	4326	1
724	4326	2
405	4326	2
419	4326	2
304	494	1
459	494	1
368	1418	1
326	1807	1
313	5259	1
317	5259	2
255	5259	1
320	2614	1
378	967	1
400	2141	1
383	1246	1
361	1246	2
508	1246	3
195	1044	1
695	1044	1
143	547	1
349	3865	1
555	3865	1
420	1453	1
459	1453	2
426	1453	1
462	1453	1
541	1453	2
310	1453	3
685	1453	1
568	2662	2
615	2662	1
622	2662	1
540	1110	1
388	1110	3
473	1110	1
648	1110	2
892	2428	2
543	2043	2
362	2043	1
878	2043	1
745	2043	1
697	2190	1
480	1945	2
527	1945	2
533	1945	2
537	1945	1
532	1945	1
567	1945	1
944	1945	1
741	1945	1
310	3462	1
614	3462	2
611	1546	1
297	1546	1
397	922	1
446	922	2
482	922	1
356	922	4
365	922	1
355	1651	1
307	1651	1
650	1651	1
538	1651	3
400	6232	1
393	1541	1
508	1541	5
537	1541	2
546	1541	1
717	1541	1
571	1541	1
680	1541	1
742	1541	1
802	1397	1
698	1397	2
206	1044	1
198	1044	2
303	570	1
361	1453	2
237	1453	1
325	2180	2
1074	2662	1
429	2662	1
544	2662	2
365	2662	1
299	2662	1
537	2291	2
404	1215	1
211	2428	1
395	2428	4
312	2137	1
391	1546	1
355	922	1
537	922	2
554	922	1
739	1651	1
455	1651	1
465	9068	2
549	9068	2
490	9068	1
673	6232	1
304	6232	1
399	1541	1
364	1541	2
264	1206	4
593	6193	1
360	2843	1
794	2843	1
974	2843	1
357	2843	1
364	2843	1
234	555	1
370	555	1
440	1601	1
426	1717	3
624	747	1
462	747	2
546	747	1
627	747	1
289	9044	1
451	9044	1
667	9044	2
901	9044	1
669	9044	1
814	9044	1
651	9044	1
408	9044	7
670	9044	4
155	1044	3
358	2662	1
358	3319	1
326	3319	2
433	3319	1
390	3319	1
646	3319	1
446	3319	4
340	3319	2
622	3319	1
462	2043	2
614	2043	1
697	2043	1
305	6232	1
739	6232	1
513	12780	1
876	12780	2
311	752	2
684	2843	1
516	2843	2
871	2843	1
923	2843	1
288	555	1
532	1717	1
566	747	1
698	747	1
737	9044	3
586	9044	1
606	9044	2
361	2467	1
656	4326	1
547	4326	1
455	4326	3
497	4326	1
430	2805	1
289	2805	1
535	2428	1
910	2428	1
411	2043	3
269	760	1
462	867	1
410	867	1
312	1945	1
447	1945	1
413	1945	1
458	1945	2
354	1945	1
602	1945	1
516	1945	1
403	1945	1
1348	1945	1
191	517	2
397	1546	2
298	1546	1
508	1546	1
441	922	1
387	922	1
452	922	1
580	922	1
346	1003	1
337	1651	4
368	1651	1
535	1312	1
415	1312	1
410	1397	1
730	1397	1
594	2043	1
454	3462	1
215	507	1
328	12831	1
645	4077	1
439	6232	1
463	6232	1
437	6232	1
537	12780	1
290	2356	1
342	6193	1
691	2843	1
391	1601	1
594	1601	1
251	747	1
417	9044	1
708	4326	1
367	4326	1
254	5579	1
524	2408	1
330	2891	1
268	3987	1
390	3987	2
482	3987	1
458	3987	1
552	3987	1
471	1352	1
305	2996	2
550	3965	1
592	1784	2
727	1784	1
796	1246	1
525	1246	1
734	1044	2
773	1044	1
433	3865	1
707	3865	1
564	2662	2
712	2043	1
541	2043	1
382	2190	1
332	573	1
335	573	1
497	1546	2
480	6232	1
524	6232	1
687	6193	1
791	6193	1
466	2843	1
275	2843	2
778	2843	2
109	1044	1
334	939	1
429	2180	1
388	525	1
716	2043	1
497	1945	1
309	3462	2
663	3462	1
372	1546	1
313	6232	1
338	2648	1
270	455	1
317	6193	3
698	6193	1
235	2843	1
762	1601	1
443	1601	1
810	1601	1
534	747	1
490	2467	1
335	2467	1
868	4326	1
536	4326	1
692	4326	3
954	4326	1
393	4326	1
323	4326	1
528	4326	1
713	4326	1
696	4326	1
327	402	2
644	2194	1
288	2194	1
830	2428	1
790	2428	1
348	3462	2
631	1546	1
524	1546	1
430	922	1
596	922	1
255	1651	1
1011	1651	1
294	6232	1
350	6232	1
502	6232	1
625	6232	1
504	6232	3
706	12780	1
595	12780	1
328	2356	2
391	6193	2
763	2843	2
503	750	1
501	750	1
578	797	1
941	9044	1
807	4326	1
203	4326	1
427	4326	1
1393	4326	1
788	4326	1
528	5654	2
611	2423	1
842	3642	1
193	1044	1
148	1044	1
487	2086	1
292	1523	1
295	3865	1
336	2180	1
428	2662	2
425	2043	1
671	2043	1
949	2043	1
632	2190	1
848	2190	1
630	2083	1
628	1546	1
512	1546	1
332	12831	1
292	922	1
447	922	3
756	922	2
696	922	1
533	1651	2
200	1651	1
395	1651	2
327	6232	1
556	6232	2
654	6232	1
757	6232	1
411	6232	1
500	1541	1
458	12780	3
314	12780	1
584	12780	1
545	6193	1
172	1044	1
323	2805	3
292	297	1
460	904	1
794	2043	2
761	2043	1
515	1945	1
490	1945	1
422	1945	3
485	1945	1
435	1945	1
210	1546	1
535	922	1
427	1003	1
724	1651	1
1046	1196	1
555	6232	1
747	6232	1
306	1541	1
424	661	1
236	653	2
467	653	1
415	678	1
544	12780	1
509	12780	1
592	12780	3
467	12780	1
622	12780	1
685	2843	1
404	2843	2
622	2843	2
130	555	1
411	1717	3
377	1717	1
539	1717	1
474	729	1
141	886	1
720	747	1
597	9044	4
708	9044	2
532	9044	1
756	9044	1
685	1397	1
257	1044	1
293	1044	2
327	2124	1
262	2662	1
495	2428	1
249	1546	2
335	922	1
434	1651	1
403	6232	1
491	6232	2
454	6232	4
763	1541	1
377	1541	2
578	12780	1
390	2843	2
118	750	1
410	1601	1
587	1601	1
298	747	1
292	747	1
919	9044	1
773	9044	1
309	2467	1
773	4326	1
478	4326	1
437	3642	1
354	3642	1
352	549	1
374	494	1
479	1002	2
460	1002	2
268	838	1
397	1397	2
478	1397	1
729	1397	1
394	2805	1
343	4198	1
316	4198	1
410	3865	2
476	3865	1
529	3865	2
494	3865	1
994	2428	1
566	2428	1
691	2428	3
146	2799	1
424	867	1
357	867	1
513	681	1
553	1945	2
916	2428	1
535	6232	1
605	605	1
576	2356	1
645	2843	1
496	555	1
486	747	2
278	9044	1
936	9044	1
585	4326	1
310	4326	1
794	4326	1
379	494	1
321	1002	1
380	5182	1
549	5182	1
354	5893	1
294	303	1
730	3987	1
376	3965	1
464	1784	1
437	1784	1
690	1246	1
625	939	1
508	2662	1
332	2291	1
668	2043	1
350	12831	2
462	12831	1
308	6232	1
341	12780	1
464	12780	2
529	12780	1
440	2356	1
973	2356	1
837	2843	1
613	2843	2
1381	2843	1
1414	2843	1
258	4326	1
579	4326	1
479	4326	1
367	1002	1
388	4201	1
387	5259	1
423	5259	1
313	967	1
466	967	2
376	3987	1
658	3987	1
317	3987	1
567	1246	1
538	1246	2
220	1246	2
448	1397	1
145	1044	1
790	1044	1
776	1044	2
742	1044	1
340	2805	2
438	914	1
456	914	1
137	2291	1
951	2428	1
633	2428	1
293	2043	1
530	2043	2
534	2137	1
587	681	1
392	1945	1
337	1945	1
706	1945	1
703	1945	2
544	1945	1
744	1945	1
407	3462	1
635	1546	1
467	12831	1
586	12831	1
149	1397	1
807	1044	1
751	2124	1
2481	2662	2
628	2662	1
362	2662	1
375	1110	2
529	2428	1
605	3462	1
482	2083	3
325	2083	1
344	1546	2
412	922	2
930	1651	1
429	9068	3
373	6232	1
513	930	1
453	2356	2
378	2356	3
506	2356	1
437	2843	2
368	1601	1
313	1163	2
355	3865	1
448	2662	1
369	681	1
364	507	1
751	1651	1
466	2449	1
551	2224	1
374	2356	2
345	6193	1
916	2843	1
470	2843	1
329	1163	2
436	1163	1
279	747	1
200	9044	1
772	9044	1
862	9044	1
355	4326	2
665	4326	1
827	4326	1
390	1108	1
493	1002	1
218	838	1
552	2299	1
606	2299	1
429	2299	1
558	2299	1
477	2299	1
1001	2299	1
521	5259	1
314	967	1
488	967	1
3513	3987	2
1514	3987	1
1469	3987	1
3804	3987	1
351	3987	1
876	1784	1
448	4197	1
662	4197	2
506	1246	1
528	1246	2
630	1246	1
143	1044	1
99	547	1
402	2805	1
428	2805	1
366	3865	1
591	2428	1
631	2428	2
666	2043	2
681	2043	1
292	2043	1
464	2043	4
462	1945	1
481	1945	1
305	3462	2
607	3462	1
394	1546	1
669	1546	1
867	1651	1
1043	1651	1
267	1651	1
965	1651	1
540	1651	1
627	1651	1
918	1651	1
454	9068	2
408	9068	2
685	9068	2
296	6232	2
534	6232	2
329	1541	1
502	1541	1
322	605	1
238	1397	2
379	1397	1
529	1397	2
706	1397	1
513	1397	1
611	1397	1
149	1044	1
681	1044	1
263	906	1
259	2180	1
2603	2662	1
2609	2662	1
198	2428	1
282	2043	1
146	2043	1
283	922	1
433	922	1
584	1651	1
296	1651	1
762	6232	2
829	6232	1
468	6232	1
696	6232	1
806	6232	1
310	6232	1
672	6232	1
563	1541	1
308	2449	1
423	12780	3
764	1044	1
283	2044	1
283	2428	1
451	3462	1
774	6232	1
290	6232	1
381	1541	1
356	2509	1
559	12780	1
444	12780	1
394	12780	1
660	1247	2
548	2843	1
1628	2843	1
449	747	1
349	9044	1
2201	9044	1
679	2467	1
473	4326	1
445	5654	1
389	1002	1
327	1002	1
504	1002	2
316	1002	1
202	1002	1
595	14107	1
510	3119	1
616	5259	1
358	5259	1
333	967	3
366	967	1
715	967	1
3209	3987	1
398	3987	1
473	3987	1
2998	3987	1
804	3987	1
520	1784	1
617	3865	1
693	939	1
451	939	1
314	2662	1
464	2662	1
898	2428	1
442	478	2
309	867	1
176	681	1
617	681	1
604	1945	3
511	1945	1
553	3462	1
377	3462	1
461	3462	1
357	507	1
304	517	3
612	1651	1
301	9068	2
532	6232	1
412	1541	2
264	1541	1
701	12780	1
280	2843	3
339	695	3
275	512	2
508	747	1
261	747	1
361	4198	1
449	3865	1
395	914	2
382	914	1
284	2180	1
754	2043	1
392	867	1
368	2083	1
591	1546	2
539	1546	1
503	1541	2
449	1541	1
545	12780	1
254	1206	2
726	2843	1
320	2843	1
940	2843	1
669	2843	2
514	555	1
385	1717	1
380	1717	1
576	729	1
545	747	1
737	747	1
848	979	1
526	9044	1
599	9044	2
614	9044	1
549	1044	1
834	2428	1
412	681	1
419	3462	2
263	611	2
445	1003	1
593	1651	1
400	1312	1
438	12780	1
273	455	1
492	2356	1
565	2356	1
367	6193	1
298	1247	1
478	2843	4
526	1717	1
735	1717	1
565	1717	1
301	729	1
595	729	1
448	747	1
504	747	1
483	555	1
501	4326	2
684	4326	1
476	4326	1
660	4326	1
385	565	1
379	566	1
331	838	1
276	838	1
301	1085	1
380	1085	1
311	1227	1
453	1227	1
352	4201	1
365	2408	1
493	5259	1
356	5259	1
659	5259	1
316	5259	1
823	5259	1
623	5259	2
331	2614	2
330	967	1
464	967	2
323	2891	2
638	2891	1
710	3987	1
700	3987	1
462	3987	1
366	3987	1
497	3987	1
353	3987	1
255	821	1
342	3965	2
309	3965	1
499	2141	1
333	1397	2
717	1397	1
178	1044	1
105	1044	1
716	1044	1
556	1044	4
304	2805	1
335	1523	2
425	1523	1
143	622	2
513	3865	2
651	3865	1
339	3865	1
315	939	1
356	2845	1
534	2428	3
629	2428	3
417	2043	2
604	2043	1
235	2224	1
657	1044	1
371	939	2
510	2428	1
291	2448	1
46	296	1
276	2190	1
384	2190	1
375	2190	1
499	2190	3
692	2190	1
703	2382	1
570	681	1
475	1945	2
946	1945	1
379	922	2
392	1802	1
434	1802	1
619	1651	1
468	1651	1
725	1651	1
861	1651	1
345	690	1
777	6193	1
440	2843	2
437	555	1
169	1397	2
243	1397	2
138	1044	1
660	1044	1
336	2805	1
469	2805	1
438	2124	1
229	401	2
470	1453	1
433	1453	1
386	1453	1
273	2180	1
279	2180	1
386	2662	1
290	2662	1
802	2662	2
508	2043	4
261	2043	1
307	2043	3
335	2224	1
337	2224	1
508	1945	1
961	1945	1
315	1546	4
451	922	1
600	922	1
214	303	1
292	303	1
457	1802	1
684	1651	1
640	1651	1
646	1651	1
685	1651	1
723	1651	1
862	4077	1
704	4077	1
862	6232	1
849	6232	1
542	6232	1
712	6232	2
462	6232	2
560	6232	1
387	6232	1
464	1541	1
357	1397	1
563	1044	1
370	2805	1
546	3865	1
312	939	1
391	2662	2
574	2662	1
679	2428	1
316	611	1
1365	12831	1
339	1802	1
835	1651	1
568	4077	1
359	4077	1
513	4077	1
329	6232	3
367	2449	2
320	2509	3
328	811	1
320	12780	2
419	6193	1
601	2843	2
217	2843	1
423	750	1
761	1163	1
273	1163	1
639	747	1
553	744	1
778	9044	1
631	4326	2
406	4326	1
784	4326	1
635	4326	3
535	4326	1
854	4326	1
424	4326	2
364	4326	1
317	4326	2
356	543	1
300	494	1
403	494	1
382	1418	1
407	1418	1
408	1418	2
191	1002	1
556	1002	1
801	1002	1
268	1002	2
454	5568	1
747	1397	1
573	2086	1
221	2805	1
383	2805	4
535	622	2
399	4198	1
347	3865	1
381	3865	6
632	2043	3
429	867	1
261	2083	2
478	1546	1
472	1651	1
396	4077	1
587	9068	1
698	6232	1
407	6232	3
507	6232	2
567	6232	2
539	6232	2
216	483	2
403	2509	2
421	2509	1
337	930	1
477	12780	1
497	1111	1
545	2843	4
528	2843	1
911	2843	1
584	2843	1
127	2843	1
513	2843	1
523	3865	1
859	3865	1
442	490	1
266	2291	1
315	525	1
1125	1945	1
659	1945	1
464	3462	1
499	1546	2
279	12831	1
362	532	1
598	4077	1
403	2449	1
502	2843	1
640	2843	1
429	2843	1
377	2843	1
309	1163	1
404	1163	2
467	747	1
245	9044	1
373	4326	1
681	4326	1
804	4326	1
327	494	1
529	1002	1
346	1002	1
277	5182	1
741	1807	1
328	14107	3
735	14107	2
375	14107	3
389	2408	1
549	2408	1
412	2408	1
331	3119	2
310	5259	1
472	5259	1
551	659	1
331	967	1
563	967	1
451	2891	1
305	1397	1
390	1397	1
345	2662	1
478	867	1
277	568	1
430	2843	1
145	555	1
264	747	1
301	494	1
298	1536	2
608	1085	2
363	5182	1
462	5182	2
328	522	1
333	3119	1
669	5259	1
360	5259	2
359	5259	1
664	5893	2
286	348	1
515	3987	1
786	3987	1
316	3987	1
346	574	1
309	1784	1
572	2141	1
519	2141	2
359	2141	2
802	4197	1
235	1044	1
485	1044	1
119	547	1
417	2805	1
189	267	1
434	2662	2
407	1110	1
425	1110	1
276	2428	1
657	2428	1
767	2428	1
981	2428	1
851	2428	1
322	1945	1
716	1945	2
530	1945	2
930	1945	1
362	2083	2
482	1546	1
309	922	2
334	922	1
643	922	3
734	1651	1
828	1651	1
349	9068	1
476	9068	2
528	6232	2
467	6232	3
931	6232	1
450	1541	1
391	1044	1
546	1044	1
388	2124	3
232	267	3
315	1110	2
561	2448	1
295	867	1
645	1945	1
1069	2083	2
588	2083	1
396	1546	1
369	1802	1
522	1651	2
142	1651	1
370	2965	2
290	1941	1
510	1941	1
631	1941	2
781	1941	1
624	1941	2
706	9068	1
230	6232	1
548	6232	2
392	1541	1
269	370	1
601	12780	1
618	12780	1
400	12780	2
633	12780	2
491	12780	5
501	12780	1
579	12780	2
451	12780	1
327	12780	1
114	391	1
800	2843	1
327	750	1
386	1601	3
512	1601	1
531	1601	4
417	1601	1
467	1601	1
226	1397	1
697	1397	2
805	1044	1
149	547	1
450	2805	1
474	2124	1
419	455	2
316	2662	1
329	525	1
241	525	1
885	2428	1
363	483	1
559	3462	1
418	12831	2
582	922	1
350	922	1
240	1003	1
368	1003	2
663	1651	1
775	1651	1
589	4077	1
533	4077	1
547	9068	1
356	1541	1
387	1541	1
697	1541	2
483	1541	1
398	1541	2
674	2843	3
314	2843	2
1103	2843	1
303	2843	2
975	2843	1
250	1397	1
267	1397	1
449	1044	1
367	2662	2
389	438	1
277	438	1
323	3800	2
300	681	2
420	9068	1
369	1541	1
84	84	3
275	2356	1
335	2356	1
376	6193	1
398	6193	1
813	2428	1
261	2428	1
561	2428	4
97	681	1
578	12831	2
395	2509	1
385	2843	1
253	2843	1
338	2843	1
563	1601	2
317	747	1
423	747	1
284	609	1
823	9044	1
720	9044	3
705	9044	1
644	4326	1
581	4326	2
402	4326	1
616	4326	2
466	5654	1
729	5654	1
840	5654	1
480	5654	1
603	5654	1
434	5654	1
303	5654	1
417	5654	2
370	2423	1
699	2423	1
492	549	1
748	1044	1
205	547	1
344	2805	1
431	939	1
373	939	1
753	2662	1
634	2662	1
455	1110	1
796	1110	1
438	2428	1
864	2428	1
922	2428	1
821	2428	1
793	2428	1
361	661	1
434	3319	1
474	3319	1
344	3319	3
318	3319	1
305	2043	1
522	2043	1
533	681	1
407	1945	1
291	3462	1
357	3462	4
511	3462	1
532	906	1
392	939	4
567	2662	1
430	3800	2
798	2428	1
540	2428	1
613	2043	1
668	2137	1
477	1945	1
790	2083	1
575	1546	2
577	1546	2
523	1546	1
823	1651	2
301	4878	1
412	4878	1
572	12780	1
299	12780	1
521	12780	2
521	6193	1
711	6193	1
750	2843	1
926	2843	1
287	747	1
303	939	2
377	914	1
507	2043	2
484	988	1
322	988	1
530	12831	1
574	922	1
706	1541	1
655	2843	1
545	4326	1
816	4326	1
414	1002	1
485	1002	2
317	682	1
342	5259	1
528	967	1
282	3987	1
736	1044	2
362	2805	1
668	2805	1
374	2805	1
353	708	1
448	2448	1
389	2043	2
680	2043	1
264	2043	1
862	2043	1
526	2190	1
509	2190	1
320	2190	2
337	2190	1
500	2190	1
196	2190	1
309	1308	1
435	1308	1
477	867	1
531	867	1
203	2083	1
415	2083	1
249	2083	1
251	2083	1
736	2083	1
424	2083	2
615	1546	1
419	1003	1
689	1802	1
259	1802	1
428	2190	1
718	2190	1
348	12780	1
120	455	1
490	2356	1
194	2843	1
413	2843	2
802	2843	1
511	747	2
595	747	1
226	744	1
678	9044	1
302	4326	1
395	4326	1
228	528	1
518	1021	1
376	576	1
343	494	1
311	1002	1
452	1002	1
334	838	1
287	4201	2
295	3119	1
400	5259	2
535	5259	1
321	5259	1
370	1332	1
393	784	1
523	3391	1
444	483	1
343	967	1
438	967	1
632	3987	1
578	895	1
672	1784	1
328	1246	1
357	1246	1
740	1246	1
378	1246	1
377	3865	1
439	2180	1
359	2291	2
485	604	1
725	1546	1
282	1651	1
331	1005	3
398	2509	1
465	12780	1
517	12780	1
380	12780	1
317	12780	1
505	12780	1
420	12780	1
275	12780	1
281	394	1
362	2843	1
872	2843	1
550	2843	1
310	555	1
353	555	1
395	1601	1
470	2805	1
386	4198	1
442	4198	1
430	4198	1
764	2043	1
160	2043	1
389	2190	2
459	2190	1
411	922	2
588	922	1
163	1651	1
406	6232	1
459	12780	2
428	555	1
636	1163	2
301	1163	1
89	747	1
547	9044	3
910	9044	1
609	9044	3
798	9044	1
383	4326	1
543	5579	1
860	5579	1
279	2423	1
330	1002	1
448	5182	1
220	304	1
570	3119	1
428	3119	1
371	5259	1
597	5259	1
404	5259	1
1056	5259	2
663	1044	1
559	4198	2
290	2428	1
465	1945	1
313	507	1
300	1546	1
457	1546	1
402	922	1
323	9068	1
475	6232	1
303	6232	1
807	6232	1
734	1541	1
404	1541	1
762	2509	1
790	2509	1
340	2509	1
418	2509	1
416	2509	1
245	12780	1
561	12780	1
807	12780	1
290	1601	1
663	747	1
603	9044	1
765	2467	1
493	2467	1
393	2467	1
301	4326	1
336	1397	1
660	1110	1
500	922	1
484	1002	1
356	3119	1
452	3987	1
437	2720	1
401	1784	1
492	1246	1
361	2043	4
766	1651	1
801	1651	1
463	690	1
600	6193	1
862	2843	1
384	750	1
446	4326	2
466	4326	1
558	4326	1
379	464	1
675	1804	1
507	564	1
328	494	1
231	566	1
618	1002	1
326	1332	1
380	3987	1
144	3987	1
513	3987	1
315	3987	1
283	1397	1
570	1397	1
840	1397	1
388	1044	1
803	1044	1
308	708	1
371	708	1
494	708	3
385	708	1
415	708	1
382	708	1
401	708	3
645	708	1
642	708	1
446	708	2
531	708	2
428	708	1
318	708	1
336	708	1
508	708	1
346	708	1
319	708	2
461	708	1
718	2428	1
578	2043	1
545	2382	1
733	2382	1
368	1945	1
889	1945	1
663	2083	1
816	2083	1
766	2083	1
917	1651	1
499	6232	1
899	6232	1
316	6232	2
694	1541	1
292	455	1
376	921	1
585	747	1
613	747	1
358	747	1
394	555	1
716	9044	1
680	4326	4
683	4326	1
105	105	1
673	5654	2
323	5654	2
709	5654	1
694	5654	1
535	5654	1
316	5654	1
638	5654	1
514	5654	3
422	5654	1
531	5654	2
288	5654	1
342	5654	3
364	5654	1
468	5654	1
334	1002	1
375	1002	2
552	729	1
481	5259	1
417	5259	1
639	5259	1
771	5259	1
693	5259	1
369	5259	1
480	5259	1
414	5259	2
365	967	1
295	967	1
531	967	2
474	2789	1
562	3987	1
660	3987	1
578	3987	2
380	1784	2
632	2141	1
678	2141	1
521	2141	1
612	2141	1
377	1246	1
580	1246	1
387	1246	1
453	1246	2
606	1246	1
557	1246	1
558	1246	1
833	1246	2
671	1246	1
464	1246	1
912	1246	1
398	1246	2
682	5170	1
506	1397	1
547	2662	1
304	12831	1
267	1003	2
476	691	1
396	2509	1
612	12780	1
472	568	1
297	2843	1
433	1601	1
615	747	1
466	747	1
807	9044	1
476	3481	1
621	4326	1
564	5579	1
118	213	2
336	494	1
257	1085	1
234	522	1
438	1227	1
493	4201	1
229	3119	1
421	3119	1
383	3119	1
412	5259	1
315	5259	1
272	967	1
568	3965	1
624	3965	1
456	2141	1
357	2141	1
749	1246	1
303	1246	1
104	372	1
442	2805	1
475	2805	1
355	1558	1
434	3865	1
509	2662	1
949	2662	1
331	2662	1
643	2291	1
958	2428	1
842	2043	1
222	760	1
307	935	1
332	1945	2
549	3462	1
415	3462	2
829	3462	1
433	2083	1
272	517	1
400	517	1
319	517	1
324	517	3
278	517	1
270	517	2
326	517	2
616	1546	2
562	1546	1
682	1546	1
383	922	1
106	1651	1
311	4077	2
384	2224	1
379	2509	2
